,Elec_pred
0,2436081.4629966146
1,2436081.4629966146
2,41766700.97670079
3,1312981.9399889892
4,4914565.547206579
5,2436081.4629966146
6,2436081.4629966146
7,3061457.622934148
8,4435148.219245873
9,1057079.0553157185
10,3071845.626071879
11,9849875.144682698
12,1430523.3193789215
13,10424031.349850034
14,1886591.0150334993
15,11697658.043742301
16,2791048.2614099937
17,11697658.043742301
18,1278670.839334543
19,3061457.622934148
20,36238863.91894245
21,11697658.043742301
22,1449886.0369641539
23,3071845.626071879
24,1981036.3263023172
25,3071845.626071879
26,3071845.626071879
27,1034603.1723009589
28,1430523.3193789215
29,2436081.4629966146
30,1143309.8095044738
31,47027435.26231525
32,43345720.74431945
33,558264.7259668296
34,1543816.7298789578
35,1428616.1171241947
36,4698336.403563708
37,1443880.965994655
38,4099444.228361719
39,6735345.776200843
40,1322183.1063892704
41,1312981.9399889892
42,1278670.839334543
43,2436081.4629966146
44,41766700.97670079
45,1430523.3193789215
46,2791048.2614099937
47,1886591.0150334993
48,3061457.622934148
49,2436081.4629966146
50,4099444.228361719
51,558264.7259668296
52,2382456.5955007523
53,1143309.8095044738
54,5726467.667556541
55,2502254.792876496
56,1449886.0369641539
57,5227102.691553097
58,2306309.5721343732
59,1449886.0369641539
60,1547844.5852957577
61,11697658.043742301
62,8639832.838796344
63,43345720.74431945
64,2436081.4629966146
65,1312981.9399889892
66,30257029.361957036
67,1382616.7375652287
68,1449886.0369641539
69,1034603.1723009589
70,1322183.1063892704
71,5627178.41973101
72,1547844.5852957577
73,1322183.1063892704
74,3291759.1611832287
75,1034603.1723009589
76,7367076.351835017
77,1547844.5852957577
78,5627178.41973101
79,9394619.191085575
80,10946386.67500823
81,1430523.3193789215
82,1430523.3193789215
83,3071845.626071879
84,1322183.1063892704
85,29758811.96882336
86,2688972.9764466872
87,2227704.6264348086
88,1293044.9313988069
89,1322183.1063892704
90,1057079.0553157185
91,3071845.626071879
92,5227102.691553097
93,7847213.738461372
94,1293044.9313988069
95,29758811.96882336
96,1322183.1063892704
97,3071845.626071879
98,41766700.97670079
99,1143309.8095044738
100,2436081.4629966146
101,36238863.91894245
102,2527263.9160295976
103,5227102.691553097
104,1430523.3193789215
105,1547844.5852957577
106,11300902.451267764
107,1322183.1063892704
108,1048443.7715025786
109,2763036.2265153835
110,1278670.839334543
111,685588.1291036769
112,3071845.626071879
113,1981036.3263023172
114,1430523.3193789215
115,1278670.839334543
116,43345720.74431945
117,3061457.622934148
118,1382616.7375652287
119,41766700.97670079
120,3097246.633683496
121,2227704.6264348086
122,11697658.043742301
123,4914565.547206579
124,2481856.1789743863
125,2632514.823943911
126,42966818.55692113
127,36238863.91894245
128,1677816.0405464913
129,54339884.03609466
130,1478171.498971357
131,1034603.1723009589
132,343121.8488225011
133,3061457.622934148
134,1278670.839334543
135,1057079.0553157185
136,3061457.622934148
137,3071845.626071879
138,2338122.3093919256
139,5627178.41973101
140,1057079.0553157185
141,1048443.7715025786
142,1312981.9399889892
143,2481856.1789743863
144,4071085.442737855
145,3071845.626071879
146,5227102.691553097
147,5726467.667556541
148,2227704.6264348086
149,1278670.839334543
150,1278670.839334543
151,4435148.219245873
152,2527263.9160295976
153,1478171.498971357
154,5627178.41973101
155,11697658.043742301
156,37996101.500405975
157,43345720.74431945
158,1312981.9399889892
159,4099444.228361719
160,1434187.3827307394
161,6861516.609866898
162,37996101.500405975
163,8097718.444592823
164,36238863.91894245
165,11697658.043742301
166,5726467.667556541
167,1601968.7498777418
168,2436081.4629966146
169,11697658.043742301
170,11697658.043742301
171,11206317.055250576
172,47027435.26231525
173,29758811.96882336
174,2436081.4629966146
175,3061457.622934148
176,29758811.96882336
177,36238863.91894245
178,5227102.691553097
179,47027435.26231525
180,37996101.500405975
181,36238863.91894245
182,5627178.41973101
183,41766700.97670079
184,11206317.055250576
185,4435148.219245873
186,11300902.451267764
187,3071845.626071879
188,2436081.4629966146
189,29758811.96882336
190,1200382.2269897165
191,2583239.6913219946
192,2763036.2265153835
193,7409420.9318975825
194,2502254.792876496
195,11697658.043742301
196,7847213.738461372
197,11697658.043742301
198,20937738.291756526
199,1430523.3193789215
200,10946386.67500823
201,8097718.444592823
202,5726467.667556541
203,8097718.444592823
204,1547844.5852957577
205,1382616.7375652287
206,11206317.055250576
207,2527263.9160295976
208,10946386.67500823
209,11300902.451267764
210,11206317.055250576
211,30257029.361957036
212,36238863.91894245
213,10946386.67500823
214,1428616.1171241947
215,558264.7259668296
216,2583239.6913219946
217,5726467.667556541
218,979422.6945633903
219,1322313.408726678
220,47027435.26231525
221,11206317.055250576
222,47027435.26231525
223,4071085.442737855
224,1443880.965994655
225,23070208.035212077
226,3097246.633683496
227,3071845.626071879
228,9849875.144682698
229,3097246.633683496
230,1312981.9399889892
231,3293746.3894396652
232,3293746.3894396652
233,30257029.361957036
234,1143309.8095044738
235,3097246.633683496
236,1443880.965994655
237,1543816.7298789578
238,1449886.0369641539
239,6861516.609866898
240,53145717.21162726
241,37996101.500405975
242,11697658.043742301
243,3097246.633683496
244,1562289.5086587064
245,5627178.41973101
246,4099444.228361719
247,3071845.626071879
248,1428616.1171241947
249,10424031.349850034
250,42966818.55692113
251,4099444.228361719
252,1278670.839334543
253,7495350.323394431
254,11206317.055250576
255,8097718.444592823
256,4698336.403563708
257,2481856.1789743863
258,8097718.444592823
259,2527263.9160295976
260,1382616.7375652287
261,2527263.9160295976
262,3703855.9238074836
263,3061457.622934148
264,2763036.2265153835
265,2234408.202405769
266,3097246.633683496
267,1312981.9399889892
268,2227704.6264348086
269,2436081.4629966146
270,3097246.633683496
271,1143309.8095044738
272,1143309.8095044738
273,2306309.5721343732
274,4435148.219245873
275,10946386.67500823
276,5627178.41973101
277,5726467.667556541
278,1278670.839334543
279,4099444.228361719
280,2583239.6913219946
281,7696943.682977307
282,2527263.9160295976
283,11697658.043742301
284,5726467.667556541
285,36238863.91894245
286,4099444.228361719
287,5726467.667556541
288,8097718.444592823
289,1312981.9399889892
290,3061457.622934148
291,10424031.349850034
292,1601968.7498777418
293,1601968.7498777418
294,1677816.0405464913
295,1478171.498971357
296,1562289.5086587064
297,4914565.547206579
298,2583239.6913219946
299,3061457.622934148
300,2481856.1789743863
301,5726467.667556541
302,3071845.626071879
303,1547844.5852957577
304,2632514.823943911
305,5227102.691553097
306,7367076.351835017
307,1981036.3263023172
308,3061457.622934148
309,2227704.6264348086
310,3071845.626071879
311,3703855.9238074836
312,2481856.1789743863
313,1200382.2269897165
314,2763036.2265153835
315,2227704.6264348086
316,1547844.5852957577
317,3703855.9238074836
318,4698336.403563708
319,10946386.67500823
320,1677816.0405464913
321,1034603.1723009589
322,1449886.0369641539
323,979422.6945633903
324,7367076.351835017
325,3071845.626071879
326,2527263.9160295976
327,2502254.792876496
328,4435148.219245873
329,477363.58166828036
330,3071845.626071879
331,1034603.1723009589
332,1143309.8095044738
333,2227704.6264348086
334,558264.7259668296
335,1143309.8095044738
336,2227704.6264348086
337,1278670.839334543
338,1278670.839334543
339,4435148.219245873
340,2763036.2265153835
341,1200382.2269897165
342,1382616.7375652287
343,2763036.2265153835
344,1312981.9399889892
345,1200382.2269897165
346,2763036.2265153835
347,1478171.498971357
348,1478171.498971357
349,2382456.5955007523
350,2481856.1789743863
351,10946386.67500823
352,11697658.043742301
353,1430523.3193789215
354,2234408.202405769
355,1200382.2269897165
356,2583239.6913219946
357,11206317.055250576
358,2306309.5721343732
359,2688972.9764466872
360,2436081.4629966146
361,1278670.839334543
362,2527263.9160295976
363,4914565.547206579
364,3071845.626071879
365,1443880.965994655
366,1382616.7375652287
367,558264.7259668296
368,3071845.626071879
369,4698336.403563708
370,4914565.547206579
371,5726467.667556541
372,2527263.9160295976
373,1034603.1723009589
374,3061457.622934148
375,1143309.8095044738
376,1048443.7715025786
377,8097718.444592823
378,1143309.8095044738
379,2306309.5721343732
380,2481856.1789743863
381,1278670.839334543
382,2583239.6913219946
383,4698336.403563708
384,3293746.3894396652
385,2502254.792876496
386,2338122.3093919256
387,1312981.9399889892
388,2338122.3093919256
389,1430523.3193789215
390,1443880.965994655
391,1443880.965994655
392,1428616.1171241947
393,4099444.228361719
394,4435148.219245873
395,1312981.9399889892
396,1278670.839334543
397,1623631.7738993086
398,1382616.7375652287
399,2502254.792876496
400,3071845.626071879
401,3291759.1611832287
402,2227704.6264348086
403,1428616.1171241947
404,1428616.1171241947
405,1382616.7375652287
406,1430523.3193789215
407,1547844.5852957577
408,5227102.691553097
409,10946386.67500823
410,1322183.1063892704
411,5627178.41973101
412,2527263.9160295976
413,1322183.1063892704
414,47027435.26231525
415,3061457.622934148
416,2481856.1789743863
417,2234408.202405769
418,2306309.5721343732
419,1434187.3827307394
420,2436081.4629966146
421,3293746.3894396652
422,1057079.0553157185
423,2688972.9764466872
424,5627178.41973101
425,36238863.91894245
426,11206317.055250576
427,48407001.541679956
428,1449886.0369641539
429,5627178.41973101
430,2583239.6913219946
431,2688972.9764466872
432,8097718.444592823
433,7495350.323394431
434,4099444.228361719
435,1428616.1171241947
436,2227704.6264348086
437,5627178.41973101
438,1382616.7375652287
439,3061457.622934148
440,10424031.349850034
441,11697658.043742301
442,2483081.419294663
443,24587526.929719165
444,2527263.9160295976
445,4914565.547206579
446,2688972.9764466872
447,3071845.626071879
448,3291759.1611832287
449,1034603.1723009589
450,1057079.0553157185
451,5726467.667556541
452,5726467.667556541
453,4914565.547206579
454,5726467.667556541
455,8097718.444592823
456,5227102.691553097
457,3703855.9238074836
458,2483081.419294663
459,1981036.3263023172
460,4071085.442737855
461,3071845.626071879
462,1677816.0405464913
463,2791048.2614099937
464,5726467.667556541
465,2763036.2265153835
466,2527263.9160295976
467,2502254.792876496
468,1443880.965994655
469,2306309.5721343732
470,1278670.839334543
471,979422.6945633903
472,3061457.622934148
473,1848288.685664066
474,1547844.5852957577
475,4099444.228361719
476,1547844.5852957577
477,1322313.408726678
478,3071845.626071879
479,3293746.3894396652
480,2227704.6264348086
481,3071845.626071879
482,6861516.609866898
483,2688972.9764466872
484,7696943.682977307
485,2483081.419294663
486,2436081.4629966146
487,3703855.9238074836
488,9849875.144682698
489,10946386.67500823
490,4698336.403563708
491,37996101.500405975
492,11206317.055250576
493,11206317.055250576
494,2306309.5721343732
495,30257029.361957036
496,1278670.839334543
497,3293746.3894396652
498,1057079.0553157185
499,2306309.5721343732
500,1322183.1063892704
501,23070208.035212077
502,5627178.41973101
503,5627178.41973101
504,8097718.444592823
505,3097246.633683496
506,1048443.7715025786
507,3071845.626071879
508,7696943.682977307
509,62441644.23731115
510,2527263.9160295976
511,1278670.839334543
512,2436081.4629966146
513,5627178.41973101
514,11697658.043742301
515,1430523.3193789215
516,1428616.1171241947
517,2227704.6264348086
518,1543816.7298789578
519,1478171.498971357
520,2527263.9160295976
521,4099444.228361719
522,2583239.6913219946
523,3703855.9238074836
524,1143309.8095044738
525,5726467.667556541
526,1547844.5852957577
527,1322313.408726678
528,1057079.0553157185
529,2763036.2265153835
530,4914565.547206579
531,982538.8995719475
532,11206317.055250576
533,12259137.89181239
534,1312981.9399889892
535,7409420.9318975825
536,2436081.4629966146
537,4071085.442737855
538,1278670.839334543
539,3291759.1611832287
540,11697658.043742301
541,10946386.67500823
542,1443880.965994655
543,2502254.792876496
544,2527263.9160295976
545,1389934.7870337341
546,76136084.02008991
547,2763036.2265153835
548,1278670.839334543
549,6861516.609866898
550,2583239.6913219946
551,2227704.6264348086
552,4435148.219245873
553,3071845.626071879
554,2502254.792876496
555,2527263.9160295976
556,1562289.5086587064
557,3061457.622934148
558,3061457.622934148
559,10946386.67500823
560,3071845.626071879
561,11697658.043742301
562,2306309.5721343732
563,4698336.403563708
564,2227704.6264348086
565,2306309.5721343732
566,1278670.839334543
567,1278670.839334543
568,1430523.3193789215
569,685588.1291036769
570,1034603.1723009589
571,2227704.6264348086
572,556141.5609098449
573,2409790.6033234885
574,1547844.5852957577
575,1200382.2269897165
576,1382616.7375652287
577,610796.6493880752
578,554713.8343574215
579,4698336.403563708
580,568651.7003094973
581,806880.7795375393
582,1200382.2269897165
583,558264.7259668296
584,568651.7003094973
585,9849875.144682698
586,558264.7259668296
587,568651.7003094973
588,939850.9888935247
589,1034603.1723009589
590,2409790.6033234885
591,10424031.349850034
592,999817.2450077786
593,568651.7003094973
594,1449886.0369641539
595,554713.8343574215
596,649034.111180471
597,1048443.7715025786
598,610796.6493880752
599,1034603.1723009589
600,982538.8995719475
601,654497.5591547624
602,554713.8343574215
603,2306309.5721343732
604,1034603.1723009589
605,558264.7259668296
606,1293044.9313988069
607,556141.5609098449
608,558264.7259668296
609,939850.9888935247
610,2763036.2265153835
611,1200382.2269897165
612,556141.5609098449
613,806880.7795375393
614,3061457.622934148
615,568651.7003094973
616,1048443.7715025786
617,568651.7003094973
618,568651.7003094973
619,554713.8343574215
620,979422.6945633903
621,1048443.7715025786
622,2583239.6913219946
623,1278670.839334543
624,982538.8995719475
625,1382616.7375652287
626,1143309.8095044738
627,982538.8995719475
628,979422.6945633903
629,654497.5591547624
630,1430523.3193789215
631,1601968.7498777418
632,2481856.1789743863
633,4435148.219245873
634,685588.1291036769
635,2409790.6033234885
636,982538.8995719475
637,4071085.442737855
638,615187.7320994628
639,560298.1723333803
640,2632514.823943911
641,685588.1291036769
642,982538.8995719475
643,556141.5609098449
644,685588.1291036769
645,554713.8343574215
646,685588.1291036769
647,556141.5609098449
648,982538.8995719475
649,1057079.0553157185
650,685588.1291036769
651,685588.1291036769
652,568651.7003094973
653,1278670.839334543
654,24587526.929719165
655,2688972.9764466872
656,1322183.1063892704
657,554713.8343574215
658,685588.1291036769
659,1143309.8095044738
660,554713.8343574215
661,982538.8995719475
662,1048443.7715025786
663,2583239.6913219946
664,554713.8343574215
665,568651.7003094973
666,1034603.1723009589
667,5227102.691553097
668,1034603.1723009589
669,554713.8343574215
670,610796.6493880752
671,2632514.823943911
672,806880.7795375393
673,1034603.1723009589
674,568651.7003094973
675,1057079.0553157185
676,554713.8343574215
677,558264.7259668296
678,685588.1291036769
679,1034603.1723009589
680,610796.6493880752
681,1143309.8095044738
682,1886591.0150334993
683,1278670.839334543
684,1143309.8095044738
685,568651.7003094973
686,1430523.3193789215
687,554713.8343574215
688,554713.8343574215
689,1322183.1063892704
690,568651.7003094973
691,1278670.839334543
692,649034.111180471
693,1200382.2269897165
694,1312981.9399889892
695,610796.6493880752
696,1034603.1723009589
697,554713.8343574215
698,1312981.9399889892
699,610796.6493880752
700,610796.6493880752
701,939850.9888935247
702,939850.9888935247
703,568651.7003094973
704,1322183.1063892704
705,1428616.1171241947
706,806880.7795375393
707,568651.7003094973
708,1143309.8095044738
709,654497.5591547624
710,568651.7003094973
711,1322183.1063892704
712,806880.7795375393
713,685588.1291036769
714,1200382.2269897165
715,1547844.5852957577
716,11697658.043742301
717,7696943.682977307
718,7696943.682977307
719,554713.8343574215
720,1322183.1063892704
721,1434187.3827307394
722,982538.8995719475
723,1057079.0553157185
724,554713.8343574215
725,15350805.902307613
726,1312981.9399889892
727,939850.9888935247
728,1143309.8095044738
729,1143309.8095044738
730,3061457.622934148
731,556141.5609098449
732,568651.7003094973
733,1143309.8095044738
734,806880.7795375393
735,1200382.2269897165
736,10946386.67500823
737,2791048.2614099937
738,1200382.2269897165
739,554713.8343574215
740,1547844.5852957577
741,554713.8343574215
742,979422.6945633903
743,11206317.055250576
744,939850.9888935247
745,1048443.7715025786
746,939850.9888935247
747,1143309.8095044738
748,4914565.547206579
749,1312981.9399889892
750,568651.7003094973
751,654497.5591547624
752,554713.8343574215
753,1312981.9399889892
754,1278670.839334543
755,1034603.1723009589
756,1200382.2269897165
757,568651.7003094973
758,568651.7003094973
759,1034603.1723009589
760,2632514.823943911
761,556141.5609098449
762,1034603.1723009589
763,982538.8995719475
764,556141.5609098449
765,1034603.1723009589
766,685588.1291036769
767,1278670.839334543
768,2632514.823943911
769,1048443.7715025786
770,554713.8343574215
771,554713.8343574215
772,554713.8343574215
773,979422.6945633903
774,1312981.9399889892
775,610796.6493880752
776,1322183.1063892704
777,10402273.32860095
778,568651.7003094973
779,556141.5609098449
780,1143309.8095044738
781,979422.6945633903
782,610796.6493880752
783,554713.8343574215
784,982538.8995719475
785,982538.8995719475
786,1312981.9399889892
787,685588.1291036769
788,11206317.055250576
789,3061457.622934148
790,4071085.442737855
791,1312981.9399889892
792,568651.7003094973
793,982538.8995719475
794,556141.5609098449
795,554713.8343574215
796,1543816.7298789578
797,1449886.0369641539
798,554713.8343574215
799,1200382.2269897165
800,1382616.7375652287
801,982538.8995719475
802,554713.8343574215
803,1430523.3193789215
804,23070208.035212077
805,806880.7795375393
806,568651.7003094973
807,477363.58166828036
808,477363.58166828036
809,939850.9888935247
810,11300902.451267764
811,568651.7003094973
812,568651.7003094973
813,685588.1291036769
814,4435148.219245873
815,568651.7003094973
816,554713.8343574215
817,1312981.9399889892
818,4071085.442737855
819,982538.8995719475
820,568651.7003094973
821,2763036.2265153835
822,939850.9888935247
823,568651.7003094973
824,554713.8343574215
825,554713.8343574215
826,1034603.1723009589
827,568651.7003094973
828,1382616.7375652287
829,2483081.419294663
830,685588.1291036769
831,685588.1291036769
832,756642.9930450275
833,554713.8343574215
834,556141.5609098449
835,554713.8343574215
836,556141.5609098449
837,685588.1291036769
838,568651.7003094973
839,554713.8343574215
840,556141.5609098449
841,1443880.965994655
842,1322183.1063892704
843,685588.1291036769
844,806880.7795375393
845,568651.7003094973
846,685588.1291036769
847,568651.7003094973
848,568651.7003094973
849,556141.5609098449
850,1434187.3827307394
851,2791048.2614099937
852,2763036.2265153835
853,1886591.0150334993
854,1322183.1063892704
855,568651.7003094973
856,1322183.1063892704
857,1057079.0553157185
858,685588.1291036769
859,685588.1291036769
860,982538.8995719475
861,2791048.2614099937
862,3071845.626071879
863,685588.1291036769
864,2227704.6264348086
865,2632514.823943911
866,685588.1291036769
867,554713.8343574215
868,1034603.1723009589
869,982538.8995719475
870,554713.8343574215
871,1048443.7715025786
872,1143309.8095044738
873,2763036.2265153835
874,1322183.1063892704
875,2632514.823943911
876,1143309.8095044738
877,654497.5591547624
878,4698336.403563708
879,2688972.9764466872
880,1057079.0553157185
881,1200382.2269897165
882,615187.7320994628
883,982538.8995719475
884,1143309.8095044738
885,982538.8995719475
886,1200382.2269897165
887,1034603.1723009589
888,982538.8995719475
889,1057079.0553157185
890,806880.7795375393
891,558264.7259668296
892,1143309.8095044738
893,615187.7320994628
894,610796.6493880752
895,1478171.498971357
896,911150.7086146689
897,649034.111180471
898,3097246.633683496
899,1143309.8095044738
900,1048443.7715025786
901,556141.5609098449
902,568651.7003094973
903,1434187.3827307394
904,568651.7003094973
905,982538.8995719475
906,979422.6945633903
907,1143309.8095044738
908,4698336.403563708
909,939850.9888935247
910,2409790.6033234885
911,1547844.5852957577
912,5227102.691553097
913,1547844.5852957577
914,982538.8995719475
915,1547844.5852957577
916,1543816.7298789578
917,806880.7795375393
918,982538.8995719475
919,939850.9888935247
920,654497.5591547624
921,1034603.1723009589
922,654497.5591547624
923,568651.7003094973
924,556141.5609098449
925,939850.9888935247
926,568651.7003094973
927,999817.2450077786
928,2763036.2265153835
929,1034603.1723009589
930,1547844.5852957577
931,939850.9888935247
932,568651.7003094973
933,982538.8995719475
934,554713.8343574215
935,554713.8343574215
936,556141.5609098449
937,1443880.965994655
938,649034.111180471
939,1428616.1171241947
940,806880.7795375393
941,1278670.839334543
942,556141.5609098449
943,685588.1291036769
944,685588.1291036769
945,556141.5609098449
946,615187.7320994628
947,556141.5609098449
948,554713.8343574215
949,554713.8343574215
950,1293044.9313988069
951,982538.8995719475
952,939850.9888935247
953,1034603.1723009589
954,2632514.823943911
955,1322313.408726678
956,1478171.498971357
957,982538.8995719475
958,554713.8343574215
959,568651.7003094973
960,1034603.1723009589
961,1278670.839334543
962,1200382.2269897165
963,1034603.1723009589
964,979422.6945633903
965,568651.7003094973
966,568651.7003094973
967,556141.5609098449
968,1143309.8095044738
969,568651.7003094973
970,982538.8995719475
971,2409790.6033234885
972,939850.9888935247
973,554713.8343574215
974,654497.5591547624
975,558264.7259668296
976,982538.8995719475
977,556141.5609098449
978,556141.5609098449
979,1143309.8095044738
980,568651.7003094973
981,5227102.691553097
982,1322183.1063892704
983,4914565.547206579
984,1200382.2269897165
985,568651.7003094973
986,685588.1291036769
987,10946386.67500823
988,685588.1291036769
989,806880.7795375393
990,1278670.839334543
991,2688972.9764466872
992,554713.8343574215
993,685588.1291036769
994,979422.6945633903
995,685588.1291036769
996,654497.5591547624
997,1057079.0553157185
998,2583239.6913219946
999,2632514.823943911
1000,1057079.0553157185
1001,982538.8995719475
1002,568651.7003094973
1003,568651.7003094973
1004,1200382.2269897165
1005,1143309.8095044738
1006,554713.8343574215
1007,554713.8343574215
1008,7367076.351835017
1009,982538.8995719475
1010,558264.7259668296
1011,568651.7003094973
1012,477363.58166828036
1013,982538.8995719475
1014,999817.2450077786
1015,2338122.3093919256
1016,554713.8343574215
1017,515198.2288673128
1018,1143309.8095044738
1019,554713.8343574215
1020,654497.5591547624
1021,558264.7259668296
1022,1057079.0553157185
1023,1322183.1063892704
1024,477363.58166828036
1025,1278670.839334543
1026,1200382.2269897165
1027,568651.7003094973
1028,806880.7795375393
1029,558264.7259668296
1030,654497.5591547624
1031,568651.7003094973
1032,477363.58166828036
1033,554713.8343574215
1034,610796.6493880752
1035,554713.8343574215
1036,939850.9888935247
1037,1312981.9399889892
1038,2382456.5955007523
1039,939850.9888935247
1040,1278670.839334543
1041,1034603.1723009589
1042,3061457.622934148
1043,568651.7003094973
1044,2632514.823943911
1045,654497.5591547624
1046,1312981.9399889892
1047,685588.1291036769
1048,2306309.5721343732
1049,568651.7003094973
1050,685588.1291036769
1051,2483081.419294663
1052,41766700.97670079
1053,1034603.1723009589
1054,982538.8995719475
1055,554713.8343574215
1056,1048443.7715025786
1057,1293044.9313988069
1058,1057079.0553157185
1059,982538.8995719475
1060,939850.9888935247
1061,685588.1291036769
1062,939850.9888935247
1063,7696943.682977307
1064,1322183.1063892704
1065,568651.7003094973
1066,568651.7003094973
1067,982538.8995719475
1068,1034603.1723009589
1069,685588.1291036769
1070,1312981.9399889892
1071,556141.5609098449
1072,1200382.2269897165
1073,1034603.1723009589
1074,554713.8343574215
1075,568651.7003094973
1076,1322183.1063892704
1077,685588.1291036769
1078,1034603.1723009589
1079,1547844.5852957577
1080,1048443.7715025786
1081,3061457.622934148
1082,4435148.219245873
1083,1057079.0553157185
1084,1543816.7298789578
1085,685588.1291036769
1086,2583239.6913219946
1087,4698336.403563708
1088,568651.7003094973
1089,1200382.2269897165
1090,2306309.5721343732
1091,756642.9930450275
1092,939850.9888935247
1093,558264.7259668296
1094,568651.7003094973
1095,939850.9888935247
1096,4698336.403563708
1097,1322183.1063892704
1098,1278670.839334543
1099,1278670.839334543
1100,568651.7003094973
1101,10423404.211096263
1102,568651.7003094973
1103,1200382.2269897165
1104,558264.7259668296
1105,1034603.1723009589
1106,1143309.8095044738
1107,568651.7003094973
1108,806880.7795375393
1109,1382616.7375652287
1110,685588.1291036769
1111,939850.9888935247
1112,685588.1291036769
1113,1057079.0553157185
1114,1322183.1063892704
1115,8097718.444592823
1116,2632514.823943911
1117,1434187.3827307394
1118,1278670.839334543
1119,554713.8343574215
1120,1322183.1063892704
1121,568651.7003094973
1122,554713.8343574215
1123,982538.8995719475
1124,2227704.6264348086
1125,1430523.3193789215
1126,685588.1291036769
1127,1034603.1723009589
1128,1034603.1723009589
1129,685588.1291036769
1130,982538.8995719475
1131,982538.8995719475
1132,568651.7003094973
1133,1312981.9399889892
1134,1322183.1063892704
1135,979422.6945633903
1136,1430523.3193789215
1137,1312981.9399889892
1138,1312981.9399889892
1139,7367076.351835017
1140,568651.7003094973
1141,556141.5609098449
1142,2481856.1789743863
1143,1478171.498971357
1144,2483081.419294663
1145,7847213.738461372
1146,2306309.5721343732
1147,1034603.1723009589
1148,554713.8343574215
1149,1443880.965994655
1150,1048443.7715025786
1151,1200382.2269897165
1152,982538.8995719475
1153,1200382.2269897165
1154,1322313.408726678
1155,7847213.738461372
1156,2688972.9764466872
1157,1034603.1723009589
1158,1278670.839334543
1159,685588.1291036769
1160,558264.7259668296
1161,494875.7680038957
1162,1057079.0553157185
1163,806880.7795375393
1164,982538.8995719475
1165,1034603.1723009589
1166,554713.8343574215
1167,23070208.035212077
1168,568651.7003094973
1169,1034603.1723009589
1170,1034603.1723009589
1171,4698336.403563708
1172,556141.5609098449
1173,4435148.219245873
1174,568651.7003094973
1175,982538.8995719475
1176,1200382.2269897165
1177,1382616.7375652287
1178,1382616.7375652287
1179,1200382.2269897165
1180,3071845.626071879
1181,1200382.2269897165
1182,2306309.5721343732
1183,685588.1291036769
1184,9849875.144682698
1185,685588.1291036769
1186,610796.6493880752
1187,1278670.839334543
1188,47027435.26231525
1189,1200382.2269897165
1190,685588.1291036769
1191,979422.6945633903
1192,1200382.2269897165
1193,685588.1291036769
1194,1200382.2269897165
1195,4071085.442737855
1196,1048443.7715025786
1197,2306309.5721343732
1198,1322183.1063892704
1199,1430523.3193789215
1200,1034603.1723009589
1201,979422.6945633903
1202,1143309.8095044738
1203,1430523.3193789215
1204,1382616.7375652287
1205,2502254.792876496
1206,1547844.5852957577
1207,939850.9888935247
1208,939850.9888935247
1209,568651.7003094973
1210,1478171.498971357
1211,2227704.6264348086
1212,1382616.7375652287
1213,1312981.9399889892
1214,558264.7259668296
1215,554713.8343574215
1216,554713.8343574215
1217,554713.8343574215
1218,3071845.626071879
1219,10423404.211096263
1220,1278670.839334543
1221,982538.8995719475
1222,556141.5609098449
1223,1430523.3193789215
1224,568651.7003094973
1225,1547844.5852957577
1226,979422.6945633903
1227,1143309.8095044738
1228,1048443.7715025786
1229,1449886.0369641539
1230,979422.6945633903
1231,568651.7003094973
1232,999817.2450077786
1233,982538.8995719475
1234,2409790.6033234885
1235,1048443.7715025786
1236,654497.5591547624
1237,2481856.1789743863
1238,1143309.8095044738
1239,685588.1291036769
1240,554713.8343574215
1241,979422.6945633903
1242,1322183.1063892704
1243,685588.1291036769
1244,982538.8995719475
1245,554713.8343574215
1246,982538.8995719475
1247,999817.2450077786
1248,982538.8995719475
1249,649034.111180471
1250,1449886.0369641539
1251,1057079.0553157185
1252,568651.7003094973
1253,1034603.1723009589
1254,806880.7795375393
1255,1143309.8095044738
1256,568651.7003094973
1257,615187.7320994628
1258,554713.8343574215
1259,685588.1291036769
1260,554713.8343574215
1261,1048443.7715025786
1262,554713.8343574215
1263,1057079.0553157185
1264,685588.1291036769
1265,982538.8995719475
1266,1547844.5852957577
1267,1443880.965994655
1268,1034603.1723009589
1269,556141.5609098449
1270,554713.8343574215
1271,685588.1291036769
1272,1143309.8095044738
1273,806880.7795375393
1274,1430523.3193789215
1275,568651.7003094973
1276,568651.7003094973
1277,1034603.1723009589
1278,568651.7003094973
1279,685588.1291036769
1280,554713.8343574215
1281,1034603.1723009589
1282,1143309.8095044738
1283,1034603.1723009589
1284,1057079.0553157185
1285,649034.111180471
1286,1322183.1063892704
1287,1200382.2269897165
1288,554713.8343574215
1289,11206317.055250576
1290,1278670.839334543
1291,654497.5591547624
1292,554713.8343574215
1293,1034603.1723009589
1294,7847213.738461372
1295,982538.8995719475
1296,1449886.0369641539
1297,1322313.408726678
1298,556141.5609098449
1299,556141.5609098449
1300,9394619.191085575
1301,982538.8995719475
1302,1034603.1723009589
1303,36238863.91894245
1304,556141.5609098449
1305,2688972.9764466872
1306,685588.1291036769
1307,939850.9888935247
1308,568651.7003094973
1309,1143309.8095044738
1310,939850.9888935247
1311,11206317.055250576
1312,4099444.228361719
1313,504672.20015857543
1314,1034603.1723009589
1315,756642.9930450275
1316,560298.1723333803
1317,558264.7259668296
1318,494875.7680038957
1319,556141.5609098449
1320,558264.7259668296
1321,1478171.498971357
1322,982538.8995719475
1323,568651.7003094973
1324,1143309.8095044738
1325,806880.7795375393
1326,1034603.1723009589
1327,654497.5591547624
1328,1382616.7375652287
1329,982538.8995719475
1330,568651.7003094973
1331,939850.9888935247
1332,1382616.7375652287
1333,756642.9930450275
1334,11206317.055250576
1335,1034603.1723009589
1336,1430523.3193789215
1337,8097718.444592823
1338,41766700.97670079
1339,979422.6945633903
1340,982538.8995719475
1341,1034603.1723009589
1342,9849875.144682698
1343,554713.8343574215
1344,2688972.9764466872
1345,1034603.1723009589
1346,568651.7003094973
1347,556141.5609098449
1348,558264.7259668296
1349,494875.7680038957
1350,477363.58166828036
1351,1034603.1723009589
1352,999817.2450077786
1353,554713.8343574215
1354,1322183.1063892704
1355,554713.8343574215
1356,685588.1291036769
1357,1143309.8095044738
1358,558264.7259668296
1359,1048443.7715025786
1360,1547844.5852957577
1361,554713.8343574215
1362,5227102.691553097
1363,5227102.691553097
1364,610796.6493880752
1365,1200382.2269897165
1366,1034603.1723009589
1367,17768295.78904067
1368,685588.1291036769
1369,610796.6493880752
1370,4071085.442737855
1371,554713.8343574215
1372,556141.5609098449
1373,568651.7003094973
1374,11206317.055250576
1375,9394619.191085575
1376,4435148.219245873
1377,76136084.02008991
1378,556141.5609098449
1379,568651.7003094973
1380,477363.58166828036
1381,979422.6945633903
1382,2409790.6033234885
1383,1200382.2269897165
1384,554713.8343574215
1385,5227102.691553097
1386,2306309.5721343732
1387,1312981.9399889892
1388,979422.6945633903
1389,568651.7003094973
1390,1048443.7715025786
1391,1143309.8095044738
1392,649034.111180471
1393,1143309.8095044738
1394,568651.7003094973
1395,685588.1291036769
1396,1057079.0553157185
1397,1428616.1171241947
1398,999817.2450077786
1399,1200382.2269897165
1400,558264.7259668296
1401,649034.111180471
1402,1057079.0553157185
1403,979422.6945633903
1404,1200382.2269897165
1405,982538.8995719475
1406,1057079.0553157185
1407,1293044.9313988069
1408,558264.7259668296
1409,556141.5609098449
1410,685588.1291036769
1411,982538.8995719475
1412,568651.7003094973
1413,1057079.0553157185
1414,11206317.055250576
1415,1057079.0553157185
1416,568651.7003094973
1417,979422.6945633903
1418,1143309.8095044738
1419,568651.7003094973
1420,756642.9930450275
1421,568651.7003094973
1422,554713.8343574215
1423,982538.8995719475
1424,4914565.547206579
1425,1430523.3193789215
1426,1034603.1723009589
1427,1034603.1723009589
1428,685588.1291036769
1429,568651.7003094973
1430,979422.6945633903
1431,568651.7003094973
1432,568651.7003094973
1433,649034.111180471
1434,999817.2450077786
1435,982538.8995719475
1436,556141.5609098449
1437,756642.9930450275
1438,982538.8995719475
1439,556141.5609098449
1440,554713.8343574215
1441,556141.5609098449
1442,1200382.2269897165
1443,649034.111180471
1444,939850.9888935247
1445,654497.5591547624
1446,558264.7259668296
1447,568651.7003094973
1448,1143309.8095044738
1449,558264.7259668296
1450,1143309.8095044738
1451,939850.9888935247
1452,685588.1291036769
1453,685588.1291036769
1454,554713.8343574215
1455,685588.1291036769
1456,982538.8995719475
1457,568651.7003094973
1458,554713.8343574215
1459,2688972.9764466872
1460,554713.8343574215
1461,1143309.8095044738
1462,979422.6945633903
1463,610796.6493880752
1464,554713.8343574215
1465,568651.7003094973
1466,1057079.0553157185
1467,610796.6493880752
1468,568651.7003094973
1469,685588.1291036769
1470,568651.7003094973
1471,4435148.219245873
1472,1200382.2269897165
1473,568651.7003094973
1474,556141.5609098449
1475,554713.8343574215
1476,556141.5609098449
1477,979422.6945633903
1478,939850.9888935247
1479,2306309.5721343732
1480,615187.7320994628
1481,2306309.5721343732
1482,554713.8343574215
1483,1034603.1723009589
1484,1200382.2269897165
1485,568651.7003094973
1486,756642.9930450275
1487,1034603.1723009589
1488,939850.9888935247
1489,498017.149695197
1490,610796.6493880752
1491,556141.5609098449
1492,615187.7320994628
1493,806880.7795375393
1494,685588.1291036769
1495,4071085.442737855
1496,979422.6945633903
1497,2583239.6913219946
1498,1057079.0553157185
1499,568651.7003094973
1500,568651.7003094973
1501,1048443.7715025786
1502,1278670.839334543
1503,1293044.9313988069
1504,1547844.5852957577
1505,1048443.7715025786
1506,554713.8343574215
1507,685588.1291036769
1508,982538.8995719475
1509,556141.5609098449
1510,554713.8343574215
1511,568651.7003094973
1512,556141.5609098449
1513,1200382.2269897165
1514,568651.7003094973
1515,2791048.2614099937
1516,568651.7003094973
1517,5227102.691553097
1518,2632514.823943911
1519,556141.5609098449
1520,2632514.823943911
1521,1034603.1723009589
1522,2527263.9160295976
1523,1382616.7375652287
1524,2409790.6033234885
1525,568651.7003094973
1526,2227704.6264348086
1527,554713.8343574215
1528,554713.8343574215
1529,558264.7259668296
1530,556141.5609098449
1531,1057079.0553157185
1532,556141.5609098449
1533,2409790.6033234885
1534,568651.7003094973
1535,806880.7795375393
1536,982538.8995719475
1537,2791048.2614099937
1538,1312981.9399889892
1539,1200382.2269897165
1540,556141.5609098449
1541,498017.149695197
1542,554713.8343574215
1543,939850.9888935247
1544,7847213.738461372
1545,1143309.8095044738
1546,756642.9930450275
1547,982538.8995719475
1548,23070208.035212077
1549,806880.7795375393
1550,556141.5609098449
1551,1143309.8095044738
1552,554713.8343574215
1553,554713.8343574215
1554,556141.5609098449
1555,1430523.3193789215
1556,2688972.9764466872
1557,568651.7003094973
1558,556141.5609098449
1559,568651.7003094973
1560,1312981.9399889892
1561,1547844.5852957577
1562,685588.1291036769
1563,979422.6945633903
1564,1547844.5852957577
1565,806880.7795375393
1566,42966818.55692113
1567,1034603.1723009589
1568,1430523.3193789215
1569,939850.9888935247
1570,20937738.291756526
1571,554713.8343574215
1572,568651.7003094973
1573,1200382.2269897165
1574,494875.7680038957
1575,1048443.7715025786
1576,1547844.5852957577
1577,1428616.1171241947
1578,556141.5609098449
1579,1034603.1723009589
1580,2791048.2614099937
1581,1428616.1171241947
1582,554713.8343574215
1583,982538.8995719475
1584,982538.8995719475
1585,554713.8343574215
1586,2306309.5721343732
1587,685588.1291036769
1588,2483081.419294663
1589,685588.1291036769
1590,685588.1291036769
1591,982538.8995719475
1592,982538.8995719475
1593,982538.8995719475
1594,982538.8995719475
1595,554713.8343574215
1596,685588.1291036769
1597,615187.7320994628
1598,568651.7003094973
1599,610796.6493880752
1600,1200382.2269897165
1601,568651.7003094973
1602,654497.5591547624
1603,1601968.7498777418
1604,556141.5609098449
1605,556141.5609098449
1606,2791048.2614099937
1607,1034603.1723009589
1608,504672.20015857543
1609,5227102.691553097
1610,979422.6945633903
1611,1200382.2269897165
1612,36238863.91894245
1613,556141.5609098449
1614,568651.7003094973
1615,685588.1291036769
1616,4914565.547206579
1617,1278670.839334543
1618,979422.6945633903
1619,1034603.1723009589
1620,1322313.408726678
1621,556141.5609098449
1622,1034603.1723009589
1623,2483081.419294663
1624,568651.7003094973
1625,1034603.1723009589
1626,1382616.7375652287
1627,1278670.839334543
1628,10946386.67500823
1629,554713.8343574215
1630,2306309.5721343732
1631,1200382.2269897165
1632,1677816.0405464913
1633,1434187.3827307394
1634,2763036.2265153835
1635,939850.9888935247
1636,3061457.622934148
1637,568651.7003094973
1638,2583239.6913219946
1639,477363.58166828036
1640,756642.9930450275
1641,654497.5591547624
1642,979422.6945633903
1643,554713.8343574215
1644,2227704.6264348086
1645,1543816.7298789578
1646,568651.7003094973
1647,9849875.144682698
1648,554713.8343574215
1649,1143309.8095044738
1650,756642.9930450275
1651,1428616.1171241947
1652,568651.7003094973
1653,982538.8995719475
1654,1048443.7715025786
1655,1034603.1723009589
1656,939850.9888935247
1657,568651.7003094973
1658,554713.8343574215
1659,556141.5609098449
1660,1430523.3193789215
1661,685588.1291036769
1662,554713.8343574215
1663,1200382.2269897165
1664,685588.1291036769
1665,2409790.6033234885
1666,568651.7003094973
1667,610796.6493880752
1668,556141.5609098449
1669,982538.8995719475
1670,982538.8995719475
1671,554713.8343574215
1672,654497.5591547624
1673,568651.7003094973
1674,554713.8343574215
1675,982538.8995719475
1676,558264.7259668296
1677,610796.6493880752
1678,1428616.1171241947
1679,982538.8995719475
1680,1034603.1723009589
1681,2763036.2265153835
1682,982538.8995719475
1683,1322183.1063892704
1684,554713.8343574215
1685,568651.7003094973
1686,2632514.823943911
1687,685588.1291036769
1688,568651.7003094973
1689,982538.8995719475
1690,982538.8995719475
1691,982538.8995719475
1692,685588.1291036769
1693,939850.9888935247
1694,568651.7003094973
1695,982538.8995719475
1696,982538.8995719475
1697,556141.5609098449
1698,979422.6945633903
1699,982538.8995719475
1700,1034603.1723009589
1701,556141.5609098449
1702,685588.1291036769
1703,2583239.6913219946
1704,568651.7003094973
1705,610796.6493880752
1706,1322183.1063892704
1707,2483081.419294663
1708,1048443.7715025786
1709,982538.8995719475
1710,1200382.2269897165
1711,1200382.2269897165
1712,554713.8343574215
1713,1034603.1723009589
1714,979422.6945633903
1715,1382616.7375652287
1716,1200382.2269897165
1717,685588.1291036769
1718,568651.7003094973
1719,554713.8343574215
1720,554713.8343574215
1721,1200382.2269897165
1722,979422.6945633903
1723,982538.8995719475
1724,2306309.5721343732
1725,806880.7795375393
1726,1057079.0553157185
1727,1034603.1723009589
1728,568651.7003094973
1729,979422.6945633903
1730,610796.6493880752
1731,2527263.9160295976
1732,558264.7259668296
1733,9849875.144682698
1734,3291759.1611832287
1735,558264.7259668296
1736,554713.8343574215
1737,1382616.7375652287
1738,2481856.1789743863
1739,556141.5609098449
1740,654497.5591547624
1741,1278670.839334543
1742,568651.7003094973
1743,554713.8343574215
1744,554713.8343574215
1745,2632514.823943911
1746,999817.2450077786
1747,1312981.9399889892
1748,939850.9888935247
1749,1312981.9399889892
1750,1034603.1723009589
1751,556141.5609098449
1752,982538.8995719475
1753,1057079.0553157185
1754,556141.5609098449
1755,556141.5609098449
1756,568651.7003094973
1757,615187.7320994628
1758,1278670.839334543
1759,1057079.0553157185
1760,554713.8343574215
1761,11206317.055250576
1762,1430523.3193789215
1763,1428616.1171241947
1764,3061457.622934148
1765,558264.7259668296
1766,1293044.9313988069
1767,1034603.1723009589
1768,615187.7320994628
1769,554713.8343574215
1770,556141.5609098449
1771,477363.58166828036
1772,649034.111180471
1773,568651.7003094973
1774,568651.7003094973
1775,982538.8995719475
1776,1143309.8095044738
1777,2481856.1789743863
1778,8097718.444592823
1779,982538.8995719475
1780,568651.7003094973
1781,1322183.1063892704
1782,568651.7003094973
1783,1034603.1723009589
1784,2583239.6913219946
1785,11300902.451267764
1786,554713.8343574215
1787,1143309.8095044738
1788,494875.7680038957
1789,556141.5609098449
1790,556141.5609098449
1791,806880.7795375393
1792,1428616.1171241947
1793,1143309.8095044738
1794,1322183.1063892704
1795,1200382.2269897165
1796,1312981.9399889892
1797,2632514.823943911
1798,568651.7003094973
1799,1428616.1171241947
1800,939850.9888935247
1801,1547844.5852957577
1802,806880.7795375393
1803,4071085.442737855
1804,4914565.547206579
1805,939850.9888935247
1806,982538.8995719475
1807,477363.58166828036
1808,1312981.9399889892
1809,806880.7795375393
1810,568651.7003094973
1811,2234408.202405769
1812,1322313.408726678
1813,982538.8995719475
1814,4435148.219245873
1815,558264.7259668296
1816,1143309.8095044738
1817,568651.7003094973
1818,2483081.419294663
1819,939850.9888935247
1820,982538.8995719475
1821,1034603.1723009589
1822,982538.8995719475
1823,982538.8995719475
1824,556141.5609098449
1825,558264.7259668296
1826,982538.8995719475
1827,498017.149695197
1828,477363.58166828036
1829,939850.9888935247
1830,558264.7259668296
1831,504672.20015857543
1832,649034.111180471
1833,654497.5591547624
1834,504672.20015857543
1835,939850.9888935247
1836,982538.8995719475
1837,1322183.1063892704
1838,558264.7259668296
1839,554713.8343574215
1840,554713.8343574215
1841,685588.1291036769
1842,554713.8343574215
1843,1601968.7498777418
1844,8097718.444592823
1845,1034603.1723009589
1846,654497.5591547624
1847,568651.7003094973
1848,982538.8995719475
1849,654497.5591547624
1850,982538.8995719475
1851,568651.7003094973
1852,568651.7003094973
1853,558264.7259668296
1854,568651.7003094973
1855,5227102.691553097
1856,568651.7003094973
1857,1322313.408726678
1858,982538.8995719475
1859,982538.8995719475
1860,504672.20015857543
1861,477363.58166828036
1862,610796.6493880752
1863,610796.6493880752
1864,1478171.498971357
1865,615187.7320994628
1866,1143309.8095044738
1867,568651.7003094973
1868,554713.8343574215
1869,1143309.8095044738
1870,568651.7003094973
1871,685588.1291036769
1872,1278670.839334543
1873,1430523.3193789215
1874,2791048.2614099937
1875,554713.8343574215
1876,554713.8343574215
1877,554713.8343574215
1878,554713.8343574215
1879,1547844.5852957577
1880,568651.7003094973
1881,1034603.1723009589
1882,1143309.8095044738
1883,556141.5609098449
1884,554713.8343574215
1885,685588.1291036769
1886,1057079.0553157185
1887,1322183.1063892704
1888,554713.8343574215
1889,1428616.1171241947
1890,939850.9888935247
1891,2409790.6033234885
1892,999817.2450077786
1893,504672.20015857543
1894,756642.9930450275
1895,685588.1291036769
1896,558264.7259668296
1897,558264.7259668296
1898,982538.8995719475
1899,1057079.0553157185
1900,979422.6945633903
1901,982538.8995719475
1902,556141.5609098449
1903,982538.8995719475
1904,1057079.0553157185
1905,1547844.5852957577
1906,685588.1291036769
1907,554713.8343574215
1908,568651.7003094973
1909,554713.8343574215
1910,554713.8343574215
1911,1278670.839334543
1912,982538.8995719475
1913,1382616.7375652287
1914,806880.7795375393
1915,1322183.1063892704
1916,1200382.2269897165
1917,2481856.1789743863
1918,554713.8343574215
1919,654497.5591547624
1920,568651.7003094973
1921,654497.5591547624
1922,1322183.1063892704
1923,1143309.8095044738
1924,554713.8343574215
1925,1143309.8095044738
1926,558264.7259668296
1927,685588.1291036769
1928,1562289.5086587064
1929,504672.20015857543
1930,1048443.7715025786
1931,1200382.2269897165
1932,1428616.1171241947
1933,554713.8343574215
1934,558264.7259668296
1935,806880.7795375393
1936,554713.8343574215
1937,939850.9888935247
1938,1443880.965994655
1939,2632514.823943911
1940,685588.1291036769
1941,1200382.2269897165
1942,911150.7086146689
1943,1293044.9313988069
1944,649034.111180471
1945,556141.5609098449
1946,1677816.0405464913
1947,982538.8995719475
1948,982538.8995719475
1949,1200382.2269897165
1950,556141.5609098449
1951,554713.8343574215
1952,1143309.8095044738
1953,558264.7259668296
1954,1382616.7375652287
1955,1278670.839334543
1956,1322183.1063892704
1957,979422.6945633903
1958,1048443.7715025786
1959,554713.8343574215
1960,554713.8343574215
1961,556141.5609098449
1962,554713.8343574215
1963,554713.8343574215
1964,2227704.6264348086
1965,560298.1723333803
1966,2527263.9160295976
1967,4071085.442737855
1968,685588.1291036769
1969,1278670.839334543
1970,1034603.1723009589
1971,1200382.2269897165
1972,1547844.5852957577
1973,2688972.9764466872
1974,1200382.2269897165
1975,556141.5609098449
1976,558264.7259668296
1977,558264.7259668296
1978,615187.7320994628
1979,615187.7320994628
1980,558264.7259668296
1981,494875.7680038957
1982,1322183.1063892704
1983,982538.8995719475
1984,1547844.5852957577
1985,498017.149695197
1986,2632514.823943911
1987,558264.7259668296
1988,2481856.1789743863
1989,568651.7003094973
1990,2632514.823943911
1991,568651.7003094973
1992,982538.8995719475
1993,756642.9930450275
1994,560298.1723333803
1995,756642.9930450275
1996,806880.7795375393
1997,982538.8995719475
1998,504672.20015857543
1999,554713.8343574215
2000,568651.7003094973
2001,554713.8343574215
2002,558264.7259668296
2003,1034603.1723009589
2004,685588.1291036769
2005,756642.9930450275
2006,558264.7259668296
2007,1143309.8095044738
2008,685588.1291036769
2009,568651.7003094973
2010,939850.9888935247
2011,4071085.442737855
2012,1293044.9313988069
2013,1048443.7715025786
2014,556141.5609098449
2015,982538.8995719475
2016,568651.7003094973
2017,2527263.9160295976
2018,1034603.1723009589
2019,939850.9888935247
2020,1143309.8095044738
2021,1143309.8095044738
2022,1034603.1723009589
2023,1143309.8095044738
2024,1322183.1063892704
2025,979422.6945633903
2026,1034603.1723009589
2027,3291759.1611832287
2028,554713.8343574215
2029,568651.7003094973
2030,568651.7003094973
2031,654497.5591547624
2032,554713.8343574215
2033,979422.6945633903
2034,939850.9888935247
2035,556141.5609098449
2036,685588.1291036769
2037,554713.8343574215
2038,1278670.839334543
2039,685588.1291036769
2040,685588.1291036769
2041,1293044.9313988069
2042,939850.9888935247
2043,756642.9930450275
2044,554713.8343574215
2045,1048443.7715025786
2046,477363.58166828036
2047,685588.1291036769
2048,554713.8343574215
2049,568651.7003094973
2050,1312981.9399889892
2051,556141.5609098449
2052,610796.6493880752
2053,2688972.9764466872
2054,554713.8343574215
2055,5726467.667556541
2056,979422.6945633903
2057,2409790.6033234885
2058,491520.3688569173
2059,2483081.419294663
2060,982538.8995719475
2061,1143309.8095044738
2062,556141.5609098449
2063,1048443.7715025786
2064,554713.8343574215
2065,568651.7003094973
2066,568651.7003094973
2067,1278670.839334543
2068,556141.5609098449
2069,1200382.2269897165
2070,939850.9888935247
2071,554713.8343574215
2072,654497.5591547624
2073,4914565.547206579
2074,1143309.8095044738
2075,568651.7003094973
2076,568651.7003094973
2077,505755.3402054251
2078,554713.8343574215
2079,554713.8343574215
2080,1547844.5852957577
2081,1048443.7715025786
2082,939850.9888935247
2083,685588.1291036769
2084,1543816.7298789578
2085,2483081.419294663
2086,685588.1291036769
2087,1034603.1723009589
2088,610796.6493880752
2089,756642.9930450275
2090,2382456.5955007523
2091,2688972.9764466872
2092,556141.5609098449
2093,979422.6945633903
2094,1322183.1063892704
2095,610796.6493880752
2096,558264.7259668296
2097,554713.8343574215
2098,685588.1291036769
2099,1034603.1723009589
2100,558264.7259668296
2101,1143309.8095044738
2102,610796.6493880752
2103,5227102.691553097
2104,2632514.823943911
2105,1200382.2269897165
2106,806880.7795375393
2107,554713.8343574215
2108,554713.8343574215
2109,982538.8995719475
2110,554713.8343574215
2111,806880.7795375393
2112,558264.7259668296
2113,2306309.5721343732
2114,654497.5591547624
2115,2688972.9764466872
2116,2632514.823943911
2117,1048443.7715025786
2118,982538.8995719475
2119,1547844.5852957577
2120,2632514.823943911
2121,4099444.228361719
2122,558264.7259668296
2123,1048443.7715025786
2124,554713.8343574215
2125,1048443.7715025786
2126,1034603.1723009589
2127,568651.7003094973
2128,685588.1291036769
2129,806880.7795375393
2130,554713.8343574215
2131,2234408.202405769
2132,756642.9930450275
2133,806880.7795375393
2134,568651.7003094973
2135,3703855.9238074836
2136,1478171.498971357
2137,4099444.228361719
2138,1322183.1063892704
2139,568651.7003094973
2140,556141.5609098449
2141,1547844.5852957577
2142,491520.3688569173
2143,1293044.9313988069
2144,556141.5609098449
2145,982538.8995719475
2146,568651.7003094973
2147,982538.8995719475
2148,982538.8995719475
2149,982538.8995719475
2150,554713.8343574215
2151,2306309.5721343732
2152,554713.8343574215
2153,1382616.7375652287
2154,982538.8995719475
2155,568651.7003094973
2156,982538.8995719475
2157,554713.8343574215
2158,982538.8995719475
2159,1048443.7715025786
2160,685588.1291036769
2161,979422.6945633903
2162,36238863.91894245
2163,554713.8343574215
2164,1057079.0553157185
2165,1048443.7715025786
2166,4099444.228361719
2167,568651.7003094973
2168,568651.7003094973
2169,2688972.9764466872
2170,1034603.1723009589
2171,3061457.622934148
2172,29758811.96882336
2173,685588.1291036769
2174,554713.8343574215
2175,554713.8343574215
2176,1382616.7375652287
2177,654497.5591547624
2178,556141.5609098449
2179,477363.58166828036
2180,1293044.9313988069
2181,1278670.839334543
2182,2483081.419294663
2183,554713.8343574215
2184,685588.1291036769
2185,556141.5609098449
2186,554713.8343574215
2187,685588.1291036769
2188,568651.7003094973
2189,558264.7259668296
2190,1547844.5852957577
2191,610796.6493880752
2192,1543816.7298789578
2193,685588.1291036769
2194,982538.8995719475
2195,568651.7003094973
2196,1057079.0553157185
2197,8097718.444592823
2198,568651.7003094973
2199,5227102.691553097
2200,1430523.3193789215
2201,568651.7003094973
2202,4914565.547206579
2203,505755.3402054251
2204,568651.7003094973
2205,556141.5609098449
2206,1547844.5852957577
2207,3097246.633683496
2208,2409790.6033234885
2209,1322183.1063892704
2210,2688972.9764466872
2211,568651.7003094973
2212,654497.5591547624
2213,2306309.5721343732
2214,1034603.1723009589
2215,685588.1291036769
2216,1034603.1723009589
2217,554713.8343574215
2218,685588.1291036769
2219,2409790.6033234885
2220,982538.8995719475
2221,654497.5591547624
2222,2688972.9764466872
2223,939850.9888935247
2224,939850.9888935247
2225,756642.9930450275
2226,806880.7795375393
2227,556141.5609098449
2228,982538.8995719475
2229,568651.7003094973
2230,999817.2450077786
2231,1057079.0553157185
2232,554713.8343574215
2233,2583239.6913219946
2234,1278670.839334543
2235,554713.8343574215
2236,554713.8343574215
2237,2632514.823943911
2238,685588.1291036769
2239,982538.8995719475
2240,1034603.1723009589
2241,10402273.32860095
2242,8097718.444592823
2243,3097246.633683496
2244,554713.8343574215
2245,1034603.1723009589
2246,568651.7003094973
2247,1034603.1723009589
2248,999817.2450077786
2249,2382456.5955007523
2250,1048443.7715025786
2251,1278670.839334543
2252,685588.1291036769
2253,982538.8995719475
2254,568651.7003094973
2255,806880.7795375393
2256,477363.58166828036
2257,1048443.7715025786
2258,1034603.1723009589
2259,1057079.0553157185
2260,685588.1291036769
2261,685588.1291036769
2262,2409790.6033234885
2263,685588.1291036769
2264,806880.7795375393
2265,1057079.0553157185
2266,568651.7003094973
2267,2763036.2265153835
2268,568651.7003094973
2269,685588.1291036769
2270,1143309.8095044738
2271,554713.8343574215
2272,568651.7003094973
2273,1322183.1063892704
2274,615187.7320994628
2275,556141.5609098449
2276,2306309.5721343732
2277,1048443.7715025786
2278,2306309.5721343732
2279,1434187.3827307394
2280,1200382.2269897165
2281,568651.7003094973
2282,685588.1291036769
2283,999817.2450077786
2284,568651.7003094973
2285,1322183.1063892704
2286,806880.7795375393
2287,939850.9888935247
2288,1143309.8095044738
2289,568651.7003094973
2290,982538.8995719475
2291,554713.8343574215
2292,685588.1291036769
2293,979422.6945633903
2294,685588.1291036769
2295,806880.7795375393
2296,756642.9930450275
2297,1312981.9399889892
2298,979422.6945633903
2299,806880.7795375393
2300,568651.7003094973
2301,568651.7003094973
2302,1200382.2269897165
2303,568651.7003094973
2304,1143309.8095044738
2305,2632514.823943911
2306,610796.6493880752
2307,1478171.498971357
2308,1430523.3193789215
2309,1886591.0150334993
2310,1057079.0553157185
2311,556141.5609098449
2312,554713.8343574215
2313,999817.2450077786
2314,1322183.1063892704
2315,568651.7003094973
2316,1547844.5852957577
2317,610796.6493880752
2318,1048443.7715025786
2319,2791048.2614099937
2320,2227704.6264348086
2321,568651.7003094973
2322,554713.8343574215
2323,554713.8343574215
2324,1143309.8095044738
2325,1322183.1063892704
2326,806880.7795375393
2327,654497.5591547624
2328,504672.20015857543
2329,568651.7003094973
2330,654497.5591547624
2331,554713.8343574215
2332,1278670.839334543
2333,654497.5591547624
2334,568651.7003094973
2335,1449886.0369641539
2336,649034.111180471
2337,1034603.1723009589
2338,806880.7795375393
2339,568651.7003094973
2340,982538.8995719475
2341,979422.6945633903
2342,1312981.9399889892
2343,554713.8343574215
2344,1143309.8095044738
2345,554713.8343574215
2346,554713.8343574215
2347,1200382.2269897165
2348,1430523.3193789215
2349,1322183.1063892704
2350,568651.7003094973
2351,1278670.839334543
2352,1200382.2269897165
2353,1034603.1723009589
2354,554713.8343574215
2355,2306309.5721343732
2356,939850.9888935247
2357,558264.7259668296
2358,685588.1291036769
2359,756642.9930450275
2360,2227704.6264348086
2361,6861516.609866898
2362,1143309.8095044738
2363,1034603.1723009589
2364,610796.6493880752
2365,556141.5609098449
2366,568651.7003094973
2367,23070208.035212077
2368,554713.8343574215
2369,1430523.3193789215
2370,568651.7003094973
2371,2483081.419294663
2372,556141.5609098449
2373,1057079.0553157185
2374,685588.1291036769
2375,568651.7003094973
2376,979422.6945633903
2377,568651.7003094973
2378,654497.5591547624
2379,2409790.6033234885
2380,554713.8343574215
2381,1057079.0553157185
2382,982538.8995719475
2383,610796.6493880752
2384,1430523.3193789215
2385,556141.5609098449
2386,568651.7003094973
2387,1143309.8095044738
2388,1200382.2269897165
2389,568651.7003094973
2390,554713.8343574215
2391,10424031.349850034
2392,979422.6945633903
2393,568651.7003094973
2394,477363.58166828036
2395,1382616.7375652287
2396,556141.5609098449
2397,615187.7320994628
2398,610796.6493880752
2399,568651.7003094973
2400,556141.5609098449
2401,558264.7259668296
2402,1278670.839334543
2403,979422.6945633903
2404,554713.8343574215
2405,1034603.1723009589
2406,1200382.2269897165
2407,685588.1291036769
2408,1278670.839334543
2409,979422.6945633903
2410,1143309.8095044738
2411,1382616.7375652287
2412,999817.2450077786
2413,806880.7795375393
2414,568651.7003094973
2415,556141.5609098449
2416,568651.7003094973
2417,3071845.626071879
2418,7696943.682977307
2419,939850.9888935247
2420,1322183.1063892704
2421,568651.7003094973
2422,1143309.8095044738
2423,1143309.8095044738
2424,1034603.1723009589
2425,4698336.403563708
2426,654497.5591547624
2427,1034603.1723009589
2428,556141.5609098449
2429,1034603.1723009589
2430,806880.7795375393
2431,649034.111180471
2432,568651.7003094973
2433,1057079.0553157185
2434,979422.6945633903
2435,568651.7003094973
2436,982538.8995719475
2437,1057079.0553157185
2438,477363.58166828036
2439,982538.8995719475
2440,1048443.7715025786
2441,2583239.6913219946
2442,2791048.2614099937
2443,2632514.823943911
2444,1430523.3193789215
2445,2409790.6033234885
2446,554713.8343574215
2447,939850.9888935247
2448,568651.7003094973
2449,2234408.202405769
2450,685588.1291036769
2451,1322183.1063892704
2452,568651.7003094973
2453,1057079.0553157185
2454,1034603.1723009589
2455,1547844.5852957577
2456,1057079.0553157185
2457,568651.7003094973
2458,979422.6945633903
2459,1057079.0553157185
2460,554713.8343574215
2461,554713.8343574215
2462,568651.7003094973
2463,615187.7320994628
2464,568651.7003094973
2465,554713.8343574215
2466,554713.8343574215
2467,554713.8343574215
2468,494875.7680038957
2469,554713.8343574215
2470,2688972.9764466872
2471,554713.8343574215
2472,2306309.5721343732
2473,654497.5591547624
2474,685588.1291036769
2475,1143309.8095044738
2476,1547844.5852957577
2477,568651.7003094973
2478,982538.8995719475
2479,806880.7795375393
2480,3061457.622934148
2481,568651.7003094973
2482,654497.5591547624
2483,939850.9888935247
2484,2527263.9160295976
2485,685588.1291036769
2486,1434187.3827307394
2487,556141.5609098449
2488,649034.111180471
2489,554713.8343574215
2490,1547844.5852957577
2491,4071085.442737855
2492,982538.8995719475
2493,654497.5591547624
2494,568651.7003094973
2495,568651.7003094973
2496,568651.7003094973
2497,979422.6945633903
2498,982538.8995719475
2499,685588.1291036769
2500,649034.111180471
2501,568651.7003094973
2502,939850.9888935247
2503,806880.7795375393
2504,5227102.691553097
2505,982538.8995719475
2506,3071845.626071879
2507,1382616.7375652287
2508,2483081.419294663
2509,654497.5591547624
2510,806880.7795375393
2511,568651.7003094973
2512,558264.7259668296
2513,554713.8343574215
2514,685588.1291036769
2515,939850.9888935247
2516,999817.2450077786
2517,1278670.839334543
2518,554713.8343574215
2519,1057079.0553157185
2520,568651.7003094973
2521,1430523.3193789215
2522,1547844.5852957577
2523,979422.6945633903
2524,568651.7003094973
2525,568651.7003094973
2526,756642.9930450275
2527,1312981.9399889892
2528,654497.5591547624
2529,1143309.8095044738
2530,568651.7003094973
2531,1048443.7715025786
2532,1428616.1171241947
2533,685588.1291036769
2534,568651.7003094973
2535,1200382.2269897165
2536,939850.9888935247
2537,1034603.1723009589
2538,1034603.1723009589
2539,756642.9930450275
2540,2483081.419294663
2541,4071085.442737855
2542,649034.111180471
2543,685588.1291036769
2544,1293044.9313988069
2545,4071085.442737855
2546,2306309.5721343732
2547,939850.9888935247
2548,939850.9888935247
2549,979422.6945633903
2550,1034603.1723009589
2551,568651.7003094973
2552,568651.7003094973
2553,1057079.0553157185
2554,1312981.9399889892
2555,1312981.9399889892
2556,1200382.2269897165
2557,1449886.0369641539
2558,1034603.1723009589
2559,2481856.1789743863
2560,1677816.0405464913
2561,979422.6945633903
2562,1543816.7298789578
2563,1293044.9313988069
2564,939850.9888935247
2565,554713.8343574215
2566,1543816.7298789578
2567,558264.7259668296
2568,568651.7003094973
2569,556141.5609098449
2570,982538.8995719475
2571,2306309.5721343732
2572,939850.9888935247
2573,568651.7003094973
2574,1034603.1723009589
2575,1143309.8095044738
2576,982538.8995719475
2577,1143309.8095044738
2578,939850.9888935247
2579,554713.8343574215
2580,2583239.6913219946
2581,2306309.5721343732
2582,568651.7003094973
2583,2763036.2265153835
2584,1048443.7715025786
2585,2306309.5721343732
2586,685588.1291036769
2587,1143309.8095044738
2588,982538.8995719475
2589,556141.5609098449
2590,1430523.3193789215
2591,2632514.823943911
2592,939850.9888935247
2593,568651.7003094973
2594,982538.8995719475
2595,554713.8343574215
2596,568651.7003094973
2597,554713.8343574215
2598,1322183.1063892704
2599,939850.9888935247
2600,568651.7003094973
2601,556141.5609098449
2602,554713.8343574215
2603,806880.7795375393
2604,939850.9888935247
2605,2306309.5721343732
2606,568651.7003094973
2607,477363.58166828036
2608,556141.5609098449
2609,556141.5609098449
2610,685588.1291036769
2611,685588.1291036769
2612,806880.7795375393
2613,1322183.1063892704
2614,1382616.7375652287
2615,5227102.691553097
2616,999817.2450077786
2617,1143309.8095044738
2618,554713.8343574215
2619,685588.1291036769
2620,1322313.408726678
2621,1057079.0553157185
2622,558264.7259668296
2623,1200382.2269897165
2624,568651.7003094973
2625,2583239.6913219946
2626,982538.8995719475
2627,979422.6945633903
2628,1200382.2269897165
2629,8097718.444592823
2630,2632514.823943911
2631,685588.1291036769
2632,1449886.0369641539
2633,5227102.691553097
2634,554713.8343574215
2635,2481856.1789743863
2636,568651.7003094973
2637,939850.9888935247
2638,554713.8343574215
2639,1322183.1063892704
2640,556141.5609098449
2641,1034603.1723009589
2642,11697658.043742301
2643,654497.5591547624
2644,554713.8343574215
2645,1430523.3193789215
2646,2763036.2265153835
2647,554713.8343574215
2648,477363.58166828036
2649,494875.7680038957
2650,568651.7003094973
2651,558264.7259668296
2652,505755.3402054251
2653,568651.7003094973
2654,23070208.035212077
2655,554713.8343574215
2656,568651.7003094973
2657,1462757.5655008033
2658,979422.6945633903
2659,568651.7003094973
2660,1143309.8095044738
2661,2791048.2614099937
2662,654497.5591547624
2663,2527263.9160295976
2664,685588.1291036769
2665,4435148.219245873
2666,2527263.9160295976
2667,979422.6945633903
2668,1322183.1063892704
2669,1382616.7375652287
2670,558264.7259668296
2671,2382456.5955007523
2672,568651.7003094973
2673,939850.9888935247
2674,1200382.2269897165
2675,556141.5609098449
2676,685588.1291036769
2677,654497.5591547624
2678,568651.7003094973
2679,685588.1291036769
2680,1057079.0553157185
2681,2632514.823943911
2682,1200382.2269897165
2683,3061457.622934148
2684,568651.7003094973
2685,2632514.823943911
2686,2234408.202405769
2687,685588.1291036769
2688,979422.6945633903
2689,554713.8343574215
2690,554713.8343574215
2691,2583239.6913219946
2692,568651.7003094973
2693,1143309.8095044738
2694,1034603.1723009589
2695,4099444.228361719
2696,2791048.2614099937
2697,2227704.6264348086
2698,1278670.839334543
2699,4435148.219245873
2700,1057079.0553157185
2701,649034.111180471
2702,554713.8343574215
2703,1034603.1723009589
2704,4435148.219245873
2705,554713.8343574215
2706,685588.1291036769
2707,2409790.6033234885
2708,1034603.1723009589
2709,685588.1291036769
2710,568651.7003094973
2711,2382456.5955007523
2712,1143309.8095044738
2713,568651.7003094973
2714,982538.8995719475
2715,610796.6493880752
2716,806880.7795375393
2717,1430523.3193789215
2718,806880.7795375393
2719,685588.1291036769
2720,610796.6493880752
2721,1443880.965994655
2722,1312981.9399889892
2723,1322183.1063892704
2724,1278670.839334543
2725,554713.8343574215
2726,1143309.8095044738
2727,982538.8995719475
2728,554713.8343574215
2729,1200382.2269897165
2730,2409790.6033234885
2731,685588.1291036769
2732,685588.1291036769
2733,1293044.9313988069
2734,1034603.1723009589
2735,554713.8343574215
2736,554713.8343574215
2737,554713.8343574215
2738,1057079.0553157185
2739,911150.7086146689
2740,554713.8343574215
2741,477363.58166828036
2742,556141.5609098449
2743,939850.9888935247
2744,558264.7259668296
2745,554713.8343574215
2746,3293746.3894396652
2747,1322183.1063892704
2748,554713.8343574215
2749,554713.8343574215
2750,4435148.219245873
2751,2306309.5721343732
2752,1322183.1063892704
2753,610796.6493880752
2754,554713.8343574215
2755,1034603.1723009589
2756,1322183.1063892704
2757,554713.8343574215
2758,685588.1291036769
2759,556141.5609098449
2760,1382616.7375652287
2761,2382456.5955007523
2762,982538.8995719475
2763,568651.7003094973
2764,568651.7003094973
2765,1322183.1063892704
2766,1322183.1063892704
2767,982538.8995719475
2768,685588.1291036769
2769,568651.7003094973
2770,558264.7259668296
2771,4071085.442737855
2772,1034603.1723009589
2773,554713.8343574215
2774,554713.8343574215
2775,1428616.1171241947
2776,1057079.0553157185
2777,11206317.055250576
2778,1057079.0553157185
2779,568651.7003094973
2780,568651.7003094973
2781,568651.7003094973
2782,982538.8995719475
2783,1312981.9399889892
2784,685588.1291036769
2785,568651.7003094973
2786,982538.8995719475
2787,982538.8995719475
2788,1034603.1723009589
2789,685588.1291036769
2790,806880.7795375393
2791,982538.8995719475
2792,568651.7003094973
2793,982538.8995719475
2794,685588.1291036769
2795,1443880.965994655
2796,556141.5609098449
2797,654497.5591547624
2798,685588.1291036769
2799,568651.7003094973
2800,568651.7003094973
2801,654497.5591547624
2802,1200382.2269897165
2803,1382616.7375652287
2804,1428616.1171241947
2805,4914565.547206579
2806,2688972.9764466872
2807,685588.1291036769
2808,756642.9930450275
2809,1200382.2269897165
2810,568651.7003094973
2811,615187.7320994628
2812,556141.5609098449
2813,1034603.1723009589
2814,982538.8995719475
2815,568651.7003094973
2816,1143309.8095044738
2817,1034603.1723009589
2818,568651.7003094973
2819,2483081.419294663
2820,556141.5609098449
2821,568651.7003094973
2822,477363.58166828036
2823,568651.7003094973
2824,2234408.202405769
2825,979422.6945633903
2826,1200382.2269897165
2827,939850.9888935247
2828,1547844.5852957577
2829,1428616.1171241947
2830,1449886.0369641539
2831,939850.9888935247
2832,982538.8995719475
2833,685588.1291036769
2834,685588.1291036769
2835,556141.5609098449
2836,1200382.2269897165
2837,1057079.0553157185
2838,1057079.0553157185
2839,979422.6945633903
2840,2583239.6913219946
2841,568651.7003094973
2842,568651.7003094973
2843,568651.7003094973
2844,685588.1291036769
2845,999817.2450077786
2846,1057079.0553157185
2847,1322313.408726678
2848,568651.7003094973
2849,556141.5609098449
2850,1200382.2269897165
2851,554713.8343574215
2852,1543816.7298789578
2853,2234408.202405769
2854,1443880.965994655
2855,1143309.8095044738
2856,806880.7795375393
2857,615187.7320994628
2858,5227102.691553097
2859,568651.7003094973
2860,939850.9888935247
2861,556141.5609098449
2862,939850.9888935247
2863,1430523.3193789215
2864,982538.8995719475
2865,982538.8995719475
2866,685588.1291036769
2867,477363.58166828036
2868,568651.7003094973
2869,610796.6493880752
2870,982538.8995719475
2871,982538.8995719475
2872,685588.1291036769
2873,1200382.2269897165
2874,568651.7003094973
2875,649034.111180471
2876,654497.5591547624
2877,2583239.6913219946
2878,1034603.1723009589
2879,1034603.1723009589
2880,1034603.1723009589
2881,1278670.839334543
2882,568651.7003094973
2883,939850.9888935247
2884,1034603.1723009589
2885,11697658.043742301
2886,939850.9888935247
2887,1200382.2269897165
2888,1547844.5852957577
2889,556141.5609098449
2890,2688972.9764466872
2891,2688972.9764466872
2892,685588.1291036769
2893,2791048.2614099937
2894,1034603.1723009589
2895,939850.9888935247
2896,615187.7320994628
2897,554713.8343574215
2898,554713.8343574215
2899,554713.8343574215
2900,1430523.3193789215
2901,9849875.144682698
2902,1462757.5655008033
2903,9849875.144682698
2904,2688972.9764466872
2905,1143309.8095044738
2906,2382456.5955007523
2907,9926466.820937617
2908,979422.6945633903
2909,7696943.682977307
2910,4099444.228361719
2911,1478171.498971357
2912,1143309.8095044738
2913,982538.8995719475
2914,8639832.838796344
2915,3293746.3894396652
2916,615187.7320994628
2917,1322183.1063892704
2918,2436081.4629966146
2919,2306309.5721343732
2920,685588.1291036769
2921,3061457.622934148
2922,1143309.8095044738
2923,1981036.3263023172
2924,982538.8995719475
2925,1200382.2269897165
2926,982538.8995719475
2927,806880.7795375393
2928,1034603.1723009589
2929,1057079.0553157185
2930,1278670.839334543
2931,11708377.037511313
2932,1886591.0150334993
2933,554713.8343574215
2934,5227102.691553097
2935,939850.9888935247
2936,11206317.055250576
2937,649034.111180471
2938,939850.9888935247
2939,2436081.4629966146
2940,2527263.9160295976
2941,556141.5609098449
2942,1430523.3193789215
2943,982538.8995719475
2944,1034603.1723009589
2945,982538.8995719475
2946,979422.6945633903
2947,1312981.9399889892
2948,9849875.144682698
2949,4914565.547206579
2950,568651.7003094973
2951,2306309.5721343732
2952,685588.1291036769
2953,2791048.2614099937
2954,982538.8995719475
2955,568651.7003094973
2956,568651.7003094973
2957,1057079.0553157185
2958,2763036.2265153835
2959,982538.8995719475
2960,939850.9888935247
2961,5227102.691553097
2962,2763036.2265153835
2963,6861516.609866898
2964,1278670.839334543
2965,1322313.408726678
2966,5227102.691553097
2967,23070208.035212077
2968,1428616.1171241947
2969,4914565.547206579
2970,2148295.2564844536
2971,4698336.403563708
2972,36238863.91894245
2973,4071085.442737855
2974,1200382.2269897165
2975,1322183.1063892704
2976,8639832.838796344
2977,4435148.219245873
2978,2527263.9160295976
2979,4099444.228361719
2980,5627178.41973101
2981,1312981.9399889892
2982,2791048.2614099937
2983,1443880.965994655
2984,554713.8343574215
2985,1382616.7375652287
2986,36238863.91894245
2987,2791048.2614099937
2988,11206317.055250576
2989,1322183.1063892704
2990,11206317.055250576
2991,7367076.351835017
2992,1057079.0553157185
2993,1057079.0553157185
2994,568651.7003094973
2995,1200382.2269897165
2996,4071085.442737855
2997,982538.8995719475
2998,2409790.6033234885
2999,685588.1291036769
3000,2763036.2265153835
3001,2227704.6264348086
3002,8097718.444592823
3003,610796.6493880752
3004,1547844.5852957577
3005,982538.8995719475
3006,1449886.0369641539
3007,1200382.2269897165
3008,8097718.444592823
3009,1430523.3193789215
3010,2234408.202405769
3011,1382616.7375652287
3012,685588.1291036769
3013,11206317.055250576
3014,939850.9888935247
3015,1322183.1063892704
3016,8097718.444592823
3017,2483081.419294663
3018,5227102.691553097
3019,1048443.7715025786
3020,649034.111180471
3021,2409790.6033234885
3022,1449886.0369641539
3023,1034603.1723009589
3024,3097246.633683496
3025,11206317.055250576
3026,1382616.7375652287
3027,685588.1291036769
3028,2409790.6033234885
3029,2382456.5955007523
3030,556141.5609098449
3031,8097718.444592823
3032,558264.7259668296
3033,756642.9930450275
3034,3293746.3894396652
3035,2527263.9160295976
3036,7847213.738461372
3037,2763036.2265153835
3038,982538.8995719475
3039,1382616.7375652287
3040,5227102.691553097
3041,1057079.0553157185
3042,8097718.444592823
3043,2227704.6264348086
3044,10946386.67500823
3045,2483081.419294663
3046,2234408.202405769
3047,22464154.03075669
3048,2409790.6033234885
3049,1034603.1723009589
3050,1143309.8095044738
3051,22464154.03075669
3052,2483081.419294663
3053,3293746.3894396652
3054,1322183.1063892704
3055,1322183.1063892704
3056,1200382.2269897165
3057,24587526.929719165
3058,7696943.682977307
3059,7809516.3222393645
3060,1428616.1171241947
3061,2688972.9764466872
3062,29758811.96882336
3063,2763036.2265153835
3064,685588.1291036769
3065,15336189.52034136
3066,1293044.9313988069
3067,1143309.8095044738
3068,1143309.8095044738
3069,10946386.67500823
3070,2632514.823943911
3071,1200382.2269897165
3072,62441644.23731115
3073,1278670.839334543
3074,4914565.547206579
3075,5627178.41973101
3076,4698336.403563708
3077,2436081.4629966146
3078,2688972.9764466872
3079,20937738.291756526
3080,1443880.965994655
3081,1322183.1063892704
3082,2483081.419294663
3083,554713.8343574215
3084,24587526.929719165
3085,10424031.349850034
3086,1434187.3827307394
3087,2632514.823943911
3088,2436081.4629966146
3089,2306309.5721343732
3090,2583239.6913219946
3091,2483081.419294663
3092,568651.7003094973
3093,685588.1291036769
3094,685588.1291036769
3095,2483081.419294663
3096,685588.1291036769
3097,2306309.5721343732
3098,1034603.1723009589
3099,24587526.929719165
3100,568651.7003094973
3101,15336189.52034136
3102,1886591.0150334993
3103,2409790.6033234885
3104,685588.1291036769
3105,806880.7795375393
3106,554713.8343574215
3107,4698336.403563708
3108,8097718.444592823
3109,999817.2450077786
3110,1278670.839334543
3111,1322183.1063892704
3112,3703855.9238074836
3113,10424031.349850034
3114,23070208.035212077
3115,1462757.5655008033
3116,4099444.228361719
3117,11697658.043742301
3118,939850.9888935247
3119,7367076.351835017
3120,8097718.444592823
3121,11697658.043742301
3122,2763036.2265153835
3123,11206317.055250576
3124,1034603.1723009589
3125,2409790.6033234885
3126,11697658.043742301
3127,685588.1291036769
3128,2791048.2614099937
3129,10946386.67500823
3130,1200382.2269897165
3131,1278670.839334543
3132,2483081.419294663
3133,2436081.4629966146
3134,558264.7259668296
3135,556141.5609098449
3136,2306309.5721343732
3137,2483081.419294663
3138,1322183.1063892704
3139,7409420.9318975825
3140,5227102.691553097
3141,2763036.2265153835
3142,558264.7259668296
3143,2632514.823943911
3144,7495350.323394431
3145,1143309.8095044738
3146,615187.7320994628
3147,1322183.1063892704
3148,10946386.67500823
3149,2382456.5955007523
3150,10424031.349850034
3151,4071085.442737855
3152,554713.8343574215
3153,1547844.5852957577
3154,939850.9888935247
3155,568651.7003094973
3156,568651.7003094973
3157,568651.7003094973
3158,685588.1291036769
3159,568651.7003094973
3160,615187.7320994628
3161,685588.1291036769
3162,568651.7003094973
3163,568651.7003094973
3164,610796.6493880752
3165,610796.6493880752
3166,685588.1291036769
