,EnergyUse_pred
0,4697071.9573369315
1,4137023.994908421
2,41974894.15909295
3,2198860.7197864293
4,7863144.543826475
5,4781788.610577925
6,2731124.7110142848
7,6268468.279778
8,7863144.543826475
9,2198860.7197864293
10,6955460.341472632
11,13758776.169800801
12,2198860.7197864293
13,15689299.842262924
14,2608256.1221538344
15,16473172.935262728
16,5588220.882063262
17,16473172.935262728
18,2198860.7197864293
19,6268468.279778
20,41974894.15909295
21,21284877.862489775
22,2451802.0785680036
23,6955460.341472632
24,2787998.3422060786
25,6268468.279778
26,6955460.341472632
27,2186550.896973722
28,2198860.7197864293
29,2731124.7110142848
30,4729354.531854594
31,41974894.15909295
32,49285811.14171013
33,2198860.7197864293
34,3478773.988743972
35,2451802.0785680036
36,8346982.132761681
37,2120400.1877993913
38,8939741.16488333
39,8346982.132761681
40,2787998.3422060786
41,2172882.5391310533
42,2198860.7197864293
43,4137023.994908421
44,49285811.14171013
45,2198860.7197864293
46,5588220.882063262
47,2608256.1221538344
48,6268468.279778
49,4697071.9573369315
50,7265608.9068595655
51,2198860.7197864293
52,2966197.586113569
53,2198860.7197864293
54,12588762.908612426
55,4860939.729430707
56,2451802.0785680036
57,8346982.132761681
58,2731124.7110142848
59,2608256.1221538344
60,2617405.20473781
61,16098941.468685638
62,14407849.1025798
63,49285811.14171013
64,4860939.729430707
65,2186550.896973722
66,41974894.15909295
67,2238722.9280280927
68,2451802.0785680036
69,2198860.7197864293
70,2363508.3222639062
71,8869013.18645051
72,2451802.0785680036
73,2617405.20473781
74,8869013.18645051
75,2198860.7197864293
76,12588762.908612426
77,2363508.3222639062
78,8869013.18645051
79,10481994.293031929
80,15689299.842262924
81,2608256.1221538344
82,2787998.3422060786
83,6268468.279778
84,2198860.7197864293
85,53870854.58554473
86,5420875.282561926
87,2942118.153409838
88,2198860.7197864293
89,2942118.153409838
90,2198860.7197864293
91,6955460.341472632
92,12527229.045147102
93,10481994.293031929
94,2198860.7197864293
95,41974894.15909295
96,2617405.20473781
97,6955460.341472632
98,59536205.69430862
99,2608256.1221538344
100,2363508.3222639062
101,55033054.08223961
102,2005388.1952619532
103,12588762.908612426
104,2198860.7197864293
105,2363508.3222639062
106,16098941.468685638
107,2787998.3422060786
108,2120400.1877993913
109,5517830.319612954
110,2608256.1221538344
111,2094755.9378429889
112,7265608.9068595655
113,2942118.153409838
114,2198860.7197864293
115,2129125.376533879
116,53870854.58554473
117,5795608.762729014
118,2172882.5391310533
119,49606032.08847593
120,6955460.341472632
121,2120400.1877993913
122,16098941.468685638
123,5420875.282561926
124,5032467.971419586
125,5420875.282561926
126,49285811.14171013
127,55033054.08223961
128,2172882.5391310533
129,121271141.35863665
130,2787998.3422060786
131,2198860.7197864293
132,2198860.7197864293
133,6268468.279778
134,2186550.896973722
135,2198860.7197864293
136,6268468.279778
137,6268468.279778
138,4860939.729430707
139,11892708.880826917
140,2172882.5391310533
141,2172882.5391310533
142,2172882.5391310533
143,4137023.994908421
144,7265608.9068595655
145,6955460.341472632
146,12527229.045147102
147,12588762.908612426
148,2942118.153409838
149,2198860.7197864293
150,2198860.7197864293
151,5535030.726681599
152,3355650.695665858
153,2451802.0785680036
154,8964915.949576326
155,16473172.935262728
156,41974894.15909295
157,49285811.14171013
158,2198860.7197864293
159,7863144.543826475
160,2451802.0785680036
161,12588762.908612426
162,41974894.15909295
163,9995745.942894526
164,41974894.15909295
165,16473172.935262728
166,12588762.908612426
167,2731124.7110142848
168,4137023.994908421
169,21284877.862489775
170,21284877.862489775
171,15689299.842262924
172,53870854.58554473
173,34260564.426309295
174,4697071.9573369315
175,4860939.729430707
176,34517978.96099847
177,41974894.15909295
178,8655530.117484778
179,49285811.14171013
180,41974894.15909295
181,34517978.96099847
182,8964915.949576326
183,49606032.08847593
184,15961522.197904313
185,7265608.9068595655
186,16098941.468685638
187,5588220.882063262
188,4697071.9573369315
189,34517978.96099847
190,2129125.376533879
191,5517830.319612954
192,4860939.729430707
193,8346982.132761681
194,4860939.729430707
195,16473172.935262728
196,8964915.949576326
197,17983509.344082385
198,26233364.780458946
199,2198860.7197864293
200,15689299.842262924
201,11892708.880826917
202,7265608.9068595655
203,8964915.949576326
204,2451802.0785680036
205,2451802.0785680036
206,15961522.197904313
207,2005388.1952619532
208,11569566.927576354
209,16473172.935262728
210,15689299.842262924
211,39537983.11022954
212,41974894.15909295
213,12588762.908612426
214,2608256.1221538344
215,2120400.1877993913
216,4137023.994908421
217,7381704.1734330505
218,2120400.1877993913
219,2172882.5391310533
220,53870854.58554473
221,15961522.197904313
222,53870854.58554473
223,7265608.9068595655
224,2198860.7197864293
225,27379069.111990374
226,5588220.882063262
227,5009902.703699987
228,13758776.169800801
229,5535030.726681599
230,2172882.5391310533
231,6955460.341472632
232,6955460.341472632
233,39537983.11022954
234,2198860.7197864293
235,5566048.900920048
236,2198860.7197864293
237,4560444.246310352
238,2787998.3422060786
239,8346982.132761681
240,55123289.77849897
241,39537983.11022954
242,16473172.935262728
243,5588220.882063262
244,2363508.3222639062
245,8346982.132761681
246,7265608.9068595655
247,5588220.882063262
248,2198860.7197864293
249,11892708.880826917
250,49606032.08847593
251,8869013.18645051
252,2451802.0785680036
253,8939741.16488333
254,15689299.842262924
255,10465652.084037798
256,7265608.9068595655
257,3355650.695665858
258,12588762.908612426
259,2005388.1952619532
260,2120400.1877993913
261,2005388.1952619532
262,6955460.341472632
263,5588220.882063262
264,4697071.9573369315
265,3355650.695665858
266,5588220.882063262
267,2198860.7197864293
268,2608256.1221538344
269,4137023.994908421
270,5588220.882063262
271,2198860.7197864293
272,2198860.7197864293
273,2787998.3422060786
274,7863144.543826475
275,11892708.880826917
276,8346982.132761681
277,7381704.1734330505
278,2363508.3222639062
279,7381704.1734330505
280,3152541.8163048252
281,8939741.16488333
282,2005388.1952619532
283,16473172.935262728
284,7863144.543826475
285,41974894.15909295
286,5588220.882063262
287,7381704.1734330505
288,8964915.949576326
289,2198860.7197864293
290,6268468.279778
291,11892708.880826917
292,2451802.0785680036
293,2451802.0785680036
294,2451802.0785680036
295,2451802.0785680036
296,2608256.1221538344
297,7381704.1734330505
298,5118681.930835037
299,6268468.279778
300,2042516.9363672093
301,11892708.880826917
302,6772577.610155196
303,2451802.0785680036
304,5566048.900920048
305,12588762.908612426
306,8655530.117484778
307,3259162.439194789
308,6268468.279778
309,2129125.376533879
310,6955460.341472632
311,7265608.9068595655
312,5566048.900920048
313,2451802.0785680036
314,5118681.930835037
315,2942118.153409838
316,2451802.0785680036
317,6955460.341472632
318,7381704.1734330505
319,15689299.842262924
320,2608256.1221538344
321,2198860.7197864293
322,2451802.0785680036
323,2120400.1877993913
324,8939741.16488333
325,6955460.341472632
326,2005388.1952619532
327,4860939.729430707
328,7265608.9068595655
329,843817.712375835
330,6772577.610155196
331,2094755.9378429889
332,2120400.1877993913
333,2120400.1877993913
334,2120400.1877993913
335,2198860.7197864293
336,2731124.7110142848
337,2120400.1877993913
338,2198860.7197864293
339,7381704.1734330505
340,5566048.900920048
341,2120400.1877993913
342,2617405.20473781
343,6268468.279778
344,2451802.0785680036
345,2198860.7197864293
346,6268468.279778
347,2451802.0785680036
348,2451802.0785680036
349,2942118.153409838
350,4137023.994908421
351,16098941.468685638
352,16098941.468685638
353,2451802.0785680036
354,4729354.531854594
355,2198860.7197864293
356,2966197.586113569
357,15961522.197904313
358,2731124.7110142848
359,6268468.279778
360,2731124.7110142848
361,2120400.1877993913
362,2005388.1952619532
363,4860939.729430707
364,4860939.729430707
365,2198860.7197864293
366,2198860.7197864293
367,2120400.1877993913
368,6955460.341472632
369,7863144.543826475
370,7381704.1734330505
371,7381704.1734330505
372,2005388.1952619532
373,1386318.7544736024
374,6268468.279778
375,2198860.7197864293
376,2198860.7197864293
377,9995745.942894526
378,2129125.376533879
379,2731124.7110142848
380,2042516.9363672093
381,2198860.7197864293
382,5566048.900920048
383,7381704.1734330505
384,6268468.279778
385,5009902.703699987
386,2042516.9363672093
387,2451802.0785680036
388,4729354.531854594
389,2198860.7197864293
390,2198860.7197864293
391,2198860.7197864293
392,2238722.9280280927
393,7265608.9068595655
394,7863144.543826475
395,2608256.1221538344
396,2198860.7197864293
397,2198860.7197864293
398,2731124.7110142848
399,3478773.988743972
400,7265608.9068595655
401,6268468.279778
402,2120400.1877993913
403,2198860.7197864293
404,2172882.5391310533
405,2120400.1877993913
406,2198860.7197864293
407,2451802.0785680036
408,8655530.117484778
409,13758776.169800801
410,2198860.7197864293
411,8346982.132761681
412,2005388.1952619532
413,2198860.7197864293
414,53870854.58554473
415,6268468.279778
416,2042516.9363672093
417,2363508.3222639062
418,2731124.7110142848
419,2451802.0785680036
420,4729354.531854594
421,6268468.279778
422,2198860.7197864293
423,5569445.774478993
424,10465652.084037798
425,34260564.426309295
426,15961522.197904313
427,53870854.58554473
428,4729354.531854594
429,10465652.084037798
430,5009902.703699987
431,5420875.282561926
432,11892708.880826917
433,8939741.16488333
434,8869013.18645051
435,2238722.9280280927
436,2617405.20473781
437,5566048.900920048
438,2731124.7110142848
439,6268468.279778
440,12527229.045147102
441,16473172.935262728
442,4137023.994908421
443,34260564.426309295
444,5420875.282561926
445,5420875.282561926
446,5588220.882063262
447,5535030.726681599
448,6268468.279778
449,2198860.7197864293
450,2172882.5391310533
451,7265608.9068595655
452,7265608.9068595655
453,6955460.341472632
454,7381704.1734330505
455,9995745.942894526
456,8346982.132761681
457,6955460.341472632
458,2617405.20473781
459,2942118.153409838
460,6772577.610155196
461,5535030.726681599
462,2608256.1221538344
463,2005388.1952619532
464,7265608.9068595655
465,5588220.882063262
466,2005388.1952619532
467,2042516.9363672093
468,2120400.1877993913
469,2363508.3222639062
470,2094755.9378429889
471,2120400.1877993913
472,5588220.882063262
473,2787998.3422060786
474,2731124.7110142848
475,7265608.9068595655
476,2363508.3222639062
477,2172882.5391310533
478,6268468.279778
479,6268468.279778
480,2731124.7110142848
481,6268468.279778
482,8346982.132761681
483,5795608.762729014
484,8869013.18645051
485,3152541.8163048252
486,3355650.695665858
487,6955460.341472632
488,13758776.169800801
489,15689299.842262924
490,7863144.543826475
491,39537983.11022954
492,15689299.842262924
493,16098941.468685638
494,2731124.7110142848
495,39537983.11022954
496,2198860.7197864293
497,6955460.341472632
498,2186550.896973722
499,2731124.7110142848
500,2198860.7197864293
501,27379069.111990374
502,9704026.482601734
503,8346982.132761681
504,10481994.293031929
505,5588220.882063262
506,2198860.7197864293
507,5535030.726681599
508,9704026.482601734
509,84242659.2370071
510,4697071.9573369315
511,2198860.7197864293
512,2942118.153409838
513,11892708.880826917
514,16098941.468685638
515,2787998.3422060786
516,2238722.9280280927
517,2120400.1877993913
518,5032467.971419586
519,2731124.7110142848
520,2005388.1952619532
521,7265608.9068595655
522,5009902.703699987
523,7265608.9068595655
524,2172882.5391310533
525,12588762.908612426
526,2120400.1877993913
527,2172882.5391310533
528,2120400.1877993913
529,6268468.279778
530,7863144.543826475
531,2198860.7197864293
532,15689299.842262924
533,21284877.862489775
534,2198860.7197864293
535,8346982.132761681
536,2942118.153409838
537,2005388.1952619532
538,2120400.1877993913
539,2005388.1952619532
540,17983509.344082385
541,15689299.842262924
542,2198860.7197864293
543,4697071.9573369315
544,2005388.1952619532
545,2172882.5391310533
546,185256822.50345224
547,5420875.282561926
548,2198860.7197864293
549,8346982.132761681
550,4860939.729430707
551,2120400.1877993913
552,7265608.9068595655
553,6955460.341472632
554,4697071.9573369315
555,2005388.1952619532
556,2198860.7197864293
557,6772577.610155196
558,6268468.279778
559,13758776.169800801
560,2005388.1952619532
561,16098941.468685638
562,2731124.7110142848
563,7863144.543826475
564,2120400.1877993913
565,5517830.319612954
566,2617405.20473781
567,2198860.7197864293
568,2198860.7197864293
569,1269390.6710160973
570,2120400.1877993913
571,2942118.153409838
572,994144.2521010964
573,3355650.695665858
574,2451802.0785680036
575,2120400.1877993913
576,2238722.9280280927
577,1003655.2496037858
578,994144.2521010964
579,4697071.9573369315
580,1051804.1742801883
581,1368287.9352196674
582,2172882.5391310533
583,1705292.1791524326
584,1188904.093210317
585,9704026.482601734
586,2042516.9363672093
587,1003655.2496037858
588,1051804.1742801883
589,2027943.4818498075
590,2942118.153409838
591,12527229.045147102
592,1142906.106521469
593,994144.2521010964
594,2198860.7197864293
595,994144.2521010964
596,1136359.1243299167
597,2186550.896973722
598,1031294.2171892559
599,2120400.1877993913
600,2027943.4818498075
601,1051804.1742801883
602,994144.2521010964
603,4729354.531854594
604,2048849.1027808513
605,861068.0082292495
606,2042516.9363672093
607,1003655.2496037858
608,994144.2521010964
609,1031294.2171892559
610,5569445.774478993
611,2172882.5391310533
612,994144.2521010964
613,1707410.237522642
614,6955460.341472632
615,1003655.2496037858
616,2064102.006583856
617,1221340.2994687958
618,1003655.2496037858
619,994144.2521010964
620,2172882.5391310533
621,1136359.1243299167
622,5420875.282561926
623,2198860.7197864293
624,2027943.4818498075
625,2238722.9280280927
626,1913774.3032587997
627,2027943.4818498075
628,1705292.1791524326
629,1142906.106521469
630,2198860.7197864293
631,2451802.0785680036
632,4860939.729430707
633,7265608.9068595655
634,1374354.0760746747
635,2787998.3422060786
636,1913774.3032587997
637,7265608.9068595655
638,1136359.1243299167
639,1031294.2171892559
640,5420875.282561926
641,1221340.2994687958
642,1913774.3032587997
643,1003655.2496037858
644,1374354.0760746747
645,994144.2521010964
646,1221340.2994687958
647,1003655.2496037858
648,2027943.4818498075
649,2186550.896973722
650,1221340.2994687958
651,1031294.2171892559
652,1031294.2171892559
653,2120400.1877993913
654,34517978.96099847
655,5569445.774478993
656,2198860.7197864293
657,994144.2521010964
658,1031294.2171892559
659,2027943.4818498075
660,994144.2521010964
661,1397465.6489556604
662,2172882.5391310533
663,5420875.282561926
664,994144.2521010964
665,1051804.1742801883
666,2120400.1877993913
667,8964915.949576326
668,2027943.4818498075
669,994144.2521010964
670,994144.2521010964
671,6772577.610155196
672,2027943.4818498075
673,2120400.1877993913
674,994144.2521010964
675,2172882.5391310533
676,994144.2521010964
677,994144.2521010964
678,1188904.093210317
679,2129125.376533879
680,994144.2521010964
681,2042516.9363672093
682,2608256.1221538344
683,2172882.5391310533
684,2042516.9363672093
685,1221340.2994687958
686,2451802.0785680036
687,994144.2521010964
688,994144.2521010964
689,2198860.7197864293
690,1003655.2496037858
691,2172882.5391310533
692,1031294.2171892559
693,2186550.896973722
694,2172882.5391310533
695,1031294.2171892559
696,2027943.4818498075
697,994144.2521010964
698,2198860.7197864293
699,1003655.2496037858
700,994144.2521010964
701,1368287.9352196674
702,1136359.1243299167
703,1135458.9102870685
704,2172882.5391310533
705,2048849.1027808513
706,1368287.9352196674
707,994144.2521010964
708,1920792.7720267302
709,1188904.093210317
710,1051804.1742801883
711,2238722.9280280927
712,1386318.7544736024
713,1051804.1742801883
714,2198860.7197864293
715,2363508.3222639062
716,16098941.468685638
717,8655530.117484778
718,8964915.949576326
719,994144.2521010964
720,2172882.5391310533
721,4163366.251574336
722,1397465.6489556604
723,1368287.9352196674
724,994144.2521010964
725,23412987.155732952
726,2238722.9280280927
727,1031294.2171892559
728,2048849.1027808513
729,2027943.4818498075
730,6268468.279778
731,994144.2521010964
732,1051804.1742801883
733,2048849.1027808513
734,1397465.6489556604
735,2172882.5391310533
736,16098941.468685638
737,6268468.279778
738,2094755.9378429889
739,994144.2521010964
740,2363508.3222639062
741,994144.2521010964
742,1397465.6489556604
743,16098941.468685638
744,1031294.2171892559
745,2129125.376533879
746,1051804.1742801883
747,1920792.7720267302
748,9995745.942894526
749,2198860.7197864293
750,1136359.1243299167
751,1188904.093210317
752,994144.2521010964
753,2172882.5391310533
754,2172882.5391310533
755,2198860.7197864293
756,2120400.1877993913
757,1051804.1742801883
758,1221340.2994687958
759,2129125.376533879
760,5566048.900920048
761,994144.2521010964
762,2129125.376533879
763,1397465.6489556604
764,994144.2521010964
765,2186550.896973722
766,1269390.6710160973
767,2172882.5391310533
768,5566048.900920048
769,2129125.376533879
770,994144.2521010964
771,994144.2521010964
772,994144.2521010964
773,2027943.4818498075
774,2198860.7197864293
775,994144.2521010964
776,2198860.7197864293
777,9995745.942894526
778,1051804.1742801883
779,1031294.2171892559
780,1920792.7720267302
781,1734604.8442907692
782,994144.2521010964
783,994144.2521010964
784,1707410.237522642
785,1374354.0760746747
786,2172882.5391310533
787,1368287.9352196674
788,16098941.468685638
789,5795608.762729014
790,7265608.9068595655
791,2172882.5391310533
792,1188904.093210317
793,1913774.3032587997
794,994144.2521010964
795,994144.2521010964
796,4560444.246310352
797,2451802.0785680036
798,994144.2521010964
799,2172882.5391310533
800,2198860.7197864293
801,1913774.3032587997
802,994144.2521010964
803,2198860.7197864293
804,27379069.111990374
805,1368287.9352196674
806,1221340.2994687958
807,865362.5700040312
808,865362.5700040312
809,1136359.1243299167
810,21284877.862489775
811,1003655.2496037858
812,1051804.1742801883
813,1221340.2994687958
814,7265608.9068595655
815,1136359.1243299167
816,994144.2521010964
817,2172882.5391310533
818,7265608.9068595655
819,1397465.6489556604
820,994144.2521010964
821,5569445.774478993
822,1051804.1742801883
823,1003655.2496037858
824,994144.2521010964
825,994144.2521010964
826,2172882.5391310533
827,994144.2521010964
828,2172882.5391310533
829,4729354.531854594
830,1031294.2171892559
831,1368287.9352196674
832,1368287.9352196674
833,994144.2521010964
834,994144.2521010964
835,994144.2521010964
836,1003655.2496037858
837,1221340.2994687958
838,1221340.2994687958
839,994144.2521010964
840,1003655.2496037858
841,2198860.7197864293
842,2172882.5391310533
843,1031294.2171892559
844,1221340.2994687958
845,1051804.1742801883
846,1386318.7544736024
847,1003655.2496037858
848,1051804.1742801883
849,1003655.2496037858
850,2451802.0785680036
851,6772577.610155196
852,5795608.762729014
853,2608256.1221538344
854,2186550.896973722
855,1221340.2994687958
856,2048849.1027808513
857,2198860.7197864293
858,1221340.2994687958
859,1913774.3032587997
860,1913774.3032587997
861,6268468.279778
862,3355650.695665858
863,1368287.9352196674
864,1480819.559758009
865,5566048.900920048
866,1221340.2994687958
867,994144.2521010964
868,2120400.1877993913
869,1913774.3032587997
870,994144.2521010964
871,2186550.896973722
872,2198860.7197864293
873,5588220.882063262
874,2198860.7197864293
875,5420875.282561926
876,2048849.1027808513
877,1051804.1742801883
878,7863144.543826475
879,5569445.774478993
880,2172882.5391310533
881,2027943.4818498075
882,1003655.2496037858
883,1707410.237522642
884,1397465.6489556604
885,2027943.4818498075
886,2172882.5391310533
887,2120400.1877993913
888,1707410.237522642
889,2042516.9363672093
890,1913774.3032587997
891,2186550.896973722
892,2048849.1027808513
893,1051804.1742801883
894,1051804.1742801883
895,2451802.0785680036
896,1386318.7544736024
897,1188904.093210317
898,8655530.117484778
899,2048849.1027808513
900,2064102.006583856
901,1031294.2171892559
902,1188904.093210317
903,2451802.0785680036
904,1003655.2496037858
905,1913774.3032587997
906,1913774.3032587997
907,2064102.006583856
908,7863144.543826475
909,1031294.2171892559
910,2731124.7110142848
911,2608256.1221538344
912,8964915.949576326
913,2363508.3222639062
914,1397465.6489556604
915,2172882.5391310533
916,4729354.531854594
917,1386318.7544736024
918,2027943.4818498075
919,1031294.2171892559
920,1188904.093210317
921,2120400.1877993913
922,1051804.1742801883
923,1003655.2496037858
924,1003655.2496037858
925,1221340.2994687958
926,1003655.2496037858
927,2042516.9363672093
928,5569445.774478993
929,2027943.4818498075
930,2238722.9280280927
931,1136359.1243299167
932,1003655.2496037858
933,1397465.6489556604
934,994144.2521010964
935,994144.2521010964
936,1051804.1742801883
937,2198860.7197864293
938,1221340.2994687958
939,2198860.7197864293
940,1386318.7544736024
941,2198860.7197864293
942,1031294.2171892559
943,1397465.6489556604
944,1368287.9352196674
945,1003655.2496037858
946,1135458.9102870685
947,1051804.1742801883
948,852359.3956626456
949,852359.3956626456
950,2042516.9363672093
951,1707410.237522642
952,1136359.1243299167
953,2094755.9378429889
954,5566048.900920048
955,2120400.1877993913
956,2451802.0785680036
957,1397465.6489556604
958,994144.2521010964
959,1136359.1243299167
960,2129125.376533879
961,2198860.7197864293
962,2172882.5391310533
963,2120400.1877993913
964,1136359.1243299167
965,1003655.2496037858
966,1221340.2994687958
967,1003655.2496037858
968,2027943.4818498075
969,1051804.1742801883
970,1707410.237522642
971,2731124.7110142848
972,1374354.0760746747
973,994144.2521010964
974,1135458.9102870685
975,1221340.2994687958
976,2027943.4818498075
977,1003655.2496037858
978,1003655.2496037858
979,1913774.3032587997
980,1221340.2994687958
981,12527229.045147102
982,2198860.7197864293
983,7863144.543826475
984,2172882.5391310533
985,1136359.1243299167
986,1913774.3032587997
987,12588762.908612426
988,1221340.2994687958
989,1397465.6489556604
990,2172882.5391310533
991,5569445.774478993
992,994144.2521010964
993,1269390.6710160973
994,1368287.9352196674
995,1031294.2171892559
996,1135458.9102870685
997,2172882.5391310533
998,2966197.586113569
999,5535030.726681599
1000,2198860.7197864293
1001,1913774.3032587997
1002,1031294.2171892559
1003,1031294.2171892559
1004,2120400.1877993913
1005,1920792.7720267302
1006,994144.2521010964
1007,994144.2521010964
1008,10481994.293031929
1009,1397465.6489556604
1010,1031294.2171892559
1011,1003655.2496037858
1012,865362.5700040312
1013,1913774.3032587997
1014,1221340.2994687958
1015,5032467.971419586
1016,994144.2521010964
1017,1188904.093210317
1018,1913774.3032587997
1019,994144.2521010964
1020,1221340.2994687958
1021,2143826.1712357365
1022,1368287.9352196674
1023,2048849.1027808513
1024,843817.712375835
1025,2451802.0785680036
1026,2048849.1027808513
1027,1188904.093210317
1028,1136359.1243299167
1029,994144.2521010964
1030,1031294.2171892559
1031,1003655.2496037858
1032,843817.712375835
1033,994144.2521010964
1034,1051804.1742801883
1035,994144.2521010964
1036,1368287.9352196674
1037,2172882.5391310533
1038,3152541.8163048252
1039,1051804.1742801883
1040,2186550.896973722
1041,2042516.9363672093
1042,6268468.279778
1043,1051804.1742801883
1044,5566048.900920048
1045,1135458.9102870685
1046,2198860.7197864293
1047,1368287.9352196674
1048,3355650.695665858
1049,1003655.2496037858
1050,1368287.9352196674
1051,4860939.729430707
1052,49285811.14171013
1053,2027943.4818498075
1054,1386318.7544736024
1055,994144.2521010964
1056,2186550.896973722
1057,1386318.7544736024
1058,1374354.0760746747
1059,1397465.6489556604
1060,1368287.9352196674
1061,1031294.2171892559
1062,1221340.2994687958
1063,9704026.482601734
1064,2172882.5391310533
1065,1051804.1742801883
1066,994144.2521010964
1067,1386318.7544736024
1068,1707410.237522642
1069,1031294.2171892559
1070,2198860.7197864293
1071,994144.2521010964
1072,2048849.1027808513
1073,2027943.4818498075
1074,1003655.2496037858
1075,1003655.2496037858
1076,2608256.1221538344
1077,1707410.237522642
1078,1707410.237522642
1079,2363508.3222639062
1080,1374354.0760746747
1081,6268468.279778
1082,7265608.9068595655
1083,2172882.5391310533
1084,3478773.988743972
1085,1221340.2994687958
1086,5118681.930835037
1087,7265608.9068595655
1088,1003655.2496037858
1089,2048849.1027808513
1090,4137023.994908421
1091,1142906.106521469
1092,1221340.2994687958
1093,2042516.9363672093
1094,1003655.2496037858
1095,1142906.106521469
1096,8964915.949576326
1097,2172882.5391310533
1098,2451802.0785680036
1099,2172882.5391310533
1100,1051804.1742801883
1101,10465652.084037798
1102,1135458.9102870685
1103,2172882.5391310533
1104,2143826.1712357365
1105,2129125.376533879
1106,1707410.237522642
1107,1221340.2994687958
1108,1136359.1243299167
1109,2048849.1027808513
1110,2027943.4818498075
1111,1221340.2994687958
1112,1368287.9352196674
1113,1374354.0760746747
1114,2451802.0785680036
1115,10465652.084037798
1116,5566048.900920048
1117,2451802.0785680036
1118,2198860.7197864293
1119,994144.2521010964
1120,2129125.376533879
1121,1003655.2496037858
1122,994144.2521010964
1123,1707410.237522642
1124,2120400.1877993913
1125,2238722.9280280927
1126,1397465.6489556604
1127,1707410.237522642
1128,1707410.237522642
1129,1136359.1243299167
1130,1188904.093210317
1131,2027943.4818498075
1132,1221340.2994687958
1133,2787998.3422060786
1134,2172882.5391310533
1135,2027943.4818498075
1136,2451802.0785680036
1137,2451802.0785680036
1138,2198860.7197864293
1139,12588762.908612426
1140,1003655.2496037858
1141,1003655.2496037858
1142,4860939.729430707
1143,2451802.0785680036
1144,5032467.971419586
1145,8964915.949576326
1146,2731124.7110142848
1147,2027943.4818498075
1148,994144.2521010964
1149,2198860.7197864293
1150,1368287.9352196674
1151,2186550.896973722
1152,2048849.1027808513
1153,2172882.5391310533
1154,2094755.9378429889
1155,12588762.908612426
1156,5569445.774478993
1157,2042516.9363672093
1158,2172882.5391310533
1159,1221340.2994687958
1160,1221340.2994687958
1161,1003655.2496037858
1162,2120400.1877993913
1163,1136359.1243299167
1164,2027943.4818498075
1165,2129125.376533879
1166,1031294.2171892559
1167,32195591.786104985
1168,1003655.2496037858
1169,2027943.4818498075
1170,1386318.7544736024
1171,8346982.132761681
1172,994144.2521010964
1173,7265608.9068595655
1174,1135458.9102870685
1175,1397465.6489556604
1176,2238722.9280280927
1177,2048849.1027808513
1178,2048849.1027808513
1179,1707410.237522642
1180,2451802.0785680036
1181,1920792.7720267302
1182,2942118.153409838
1183,1051804.1742801883
1184,12588762.908612426
1185,1188904.093210317
1186,1142906.106521469
1187,2172882.5391310533
1188,53870854.58554473
1189,2198860.7197864293
1190,2027943.4818498075
1191,1269390.6710160973
1192,2120400.1877993913
1193,1136359.1243299167
1194,2048849.1027808513
1195,7265608.9068595655
1196,2198860.7197864293
1197,4729354.531854594
1198,2172882.5391310533
1199,2198860.7197864293
1200,1707410.237522642
1201,1707410.237522642
1202,2048849.1027808513
1203,2238722.9280280927
1204,2198860.7197864293
1205,4729354.531854594
1206,2363508.3222639062
1207,1368287.9352196674
1208,1221340.2994687958
1209,1003655.2496037858
1210,2451802.0785680036
1211,2731124.7110142848
1212,1920792.7720267302
1213,2172882.5391310533
1214,2143826.1712357365
1215,994144.2521010964
1216,994144.2521010964
1217,994144.2521010964
1218,3355650.695665858
1219,10481994.293031929
1220,2198860.7197864293
1221,2027943.4818498075
1222,1003655.2496037858
1223,2238722.9280280927
1224,1188904.093210317
1225,2451802.0785680036
1226,1913774.3032587997
1227,1920792.7720267302
1228,2129125.376533879
1229,2172882.5391310533
1230,2198860.7197864293
1231,994144.2521010964
1232,2042516.9363672093
1233,1397465.6489556604
1234,4697071.9573369315
1235,2172882.5391310533
1236,1051804.1742801883
1237,5032467.971419586
1238,1386318.7544736024
1239,1051804.1742801883
1240,994144.2521010964
1241,1221340.2994687958
1242,2198860.7197864293
1243,1221340.2994687958
1244,1913774.3032587997
1245,994144.2521010964
1246,1386318.7544736024
1247,2172882.5391310533
1248,2027943.4818498075
1249,1136359.1243299167
1250,2451802.0785680036
1251,2172882.5391310533
1252,1003655.2496037858
1253,2064102.006583856
1254,1136359.1243299167
1255,2042516.9363672093
1256,1221340.2994687958
1257,1136359.1243299167
1258,994144.2521010964
1259,1269390.6710160973
1260,994144.2521010964
1261,1386318.7544736024
1262,994144.2521010964
1263,2198860.7197864293
1264,1136359.1243299167
1265,1913774.3032587997
1266,2451802.0785680036
1267,2238722.9280280927
1268,2027943.4818498075
1269,994144.2521010964
1270,994144.2521010964
1271,2120400.1877993913
1272,2048849.1027808513
1273,1136359.1243299167
1274,2172882.5391310533
1275,1051804.1742801883
1276,1003655.2496037858
1277,2027943.4818498075
1278,1051804.1742801883
1279,1188904.093210317
1280,994144.2521010964
1281,2042516.9363672093
1282,2198860.7197864293
1283,2064102.006583856
1284,2198860.7197864293
1285,1031294.2171892559
1286,2120400.1877993913
1287,2129125.376533879
1288,994144.2521010964
1289,16098941.468685638
1290,2094755.9378429889
1291,1051804.1742801883
1292,994144.2521010964
1293,2129125.376533879
1294,8964915.949576326
1295,1707410.237522642
1296,2451802.0785680036
1297,2186550.896973722
1298,994144.2521010964
1299,1003655.2496037858
1300,12527229.045147102
1301,1707410.237522642
1302,2186550.896973722
1303,41974894.15909295
1304,994144.2521010964
1305,5569445.774478993
1306,1051804.1742801883
1307,1031294.2171892559
1308,1188904.093210317
1309,1707410.237522642
1310,1221340.2994687958
1311,16098941.468685638
1312,7265608.9068595655
1313,852359.3956626456
1314,2129125.376533879
1315,1142906.106521469
1316,1003655.2496037858
1317,1221340.2994687958
1318,865362.5700040312
1319,994144.2521010964
1320,2094755.9378429889
1321,1397465.6489556604
1322,1913774.3032587997
1323,1051804.1742801883
1324,2172882.5391310533
1325,1707410.237522642
1326,2094755.9378429889
1327,1142906.106521469
1328,2238722.9280280927
1329,1386318.7544736024
1330,1221340.2994687958
1331,1368287.9352196674
1332,2172882.5391310533
1333,1221340.2994687958
1334,16098941.468685638
1335,2120400.1877993913
1336,2198860.7197864293
1337,10481994.293031929
1338,41974894.15909295
1339,1397465.6489556604
1340,1913774.3032587997
1341,2198860.7197864293
1342,12588762.908612426
1343,994144.2521010964
1344,5569445.774478993
1345,2064102.006583856
1346,1051804.1742801883
1347,1051804.1742801883
1348,1221340.2994687958
1349,1003655.2496037858
1350,843817.712375835
1351,2027943.4818498075
1352,1368287.9352196674
1353,1003655.2496037858
1354,2048849.1027808513
1355,852359.3956626456
1356,1051804.1742801883
1357,2027943.4818498075
1358,1142906.106521469
1359,1913774.3032587997
1360,2363508.3222639062
1361,994144.2521010964
1362,9995745.942894526
1363,12527229.045147102
1364,1135458.9102870685
1365,2120400.1877993913
1366,2129125.376533879
1367,23412987.155732952
1368,1269390.6710160973
1369,994144.2521010964
1370,6772577.610155196
1371,994144.2521010964
1372,994144.2521010964
1373,1188904.093210317
1374,16098941.468685638
1375,9995745.942894526
1376,7863144.543826475
1377,84242659.2370071
1378,1003655.2496037858
1379,1051804.1742801883
1380,843817.712375835
1381,2042516.9363672093
1382,4697071.9573369315
1383,2120400.1877993913
1384,994144.2521010964
1385,9995745.942894526
1386,2731124.7110142848
1387,2172882.5391310533
1388,1374354.0760746747
1389,1003655.2496037858
1390,2172882.5391310533
1391,2027943.4818498075
1392,1221340.2994687958
1393,2172882.5391310533
1394,1003655.2496037858
1395,1374354.0760746747
1396,2198860.7197864293
1397,2238722.9280280927
1398,2094755.9378429889
1399,2042516.9363672093
1400,1707410.237522642
1401,1705292.1791524326
1402,1269390.6710160973
1403,1142906.106521469
1404,2198860.7197864293
1405,1397465.6489556604
1406,1368287.9352196674
1407,2042516.9363672093
1408,1374354.0760746747
1409,1003655.2496037858
1410,2027943.4818498075
1411,1397465.6489556604
1412,1051804.1742801883
1413,2198860.7197864293
1414,16473172.935262728
1415,2198860.7197864293
1416,1136359.1243299167
1417,2120400.1877993913
1418,2048849.1027808513
1419,1003655.2496037858
1420,1221340.2994687958
1421,1136359.1243299167
1422,994144.2521010964
1423,1707410.237522642
1424,8869013.18645051
1425,2172882.5391310533
1426,2120400.1877993913
1427,2027943.4818498075
1428,1221340.2994687958
1429,1221340.2994687958
1430,1188904.093210317
1431,994144.2521010964
1432,1188904.093210317
1433,1221340.2994687958
1434,1374354.0760746747
1435,1913774.3032587997
1436,1003655.2496037858
1437,1386318.7544736024
1438,2027943.4818498075
1439,994144.2521010964
1440,994144.2521010964
1441,994144.2521010964
1442,2042516.9363672093
1443,1221340.2994687958
1444,1136359.1243299167
1445,1031294.2171892559
1446,861068.0082292495
1447,1003655.2496037858
1448,1397465.6489556604
1449,2120400.1877993913
1450,1920792.7720267302
1451,1031294.2171892559
1452,1368287.9352196674
1453,1913774.3032587997
1454,994144.2521010964
1455,1003655.2496037858
1456,1368287.9352196674
1457,1221340.2994687958
1458,994144.2521010964
1459,5569445.774478993
1460,994144.2521010964
1461,1920792.7720267302
1462,1707410.237522642
1463,1031294.2171892559
1464,994144.2521010964
1465,1221340.2994687958
1466,2198860.7197864293
1467,1003655.2496037858
1468,1136359.1243299167
1469,1374354.0760746747
1470,1003655.2496037858
1471,8655530.117484778
1472,2172882.5391310533
1473,1221340.2994687958
1474,994144.2521010964
1475,994144.2521010964
1476,852359.3956626456
1477,1397465.6489556604
1478,1221340.2994687958
1479,2731124.7110142848
1480,1003655.2496037858
1481,2731124.7110142848
1482,994144.2521010964
1483,2120400.1877993913
1484,2172882.5391310533
1485,1051804.1742801883
1486,1397465.6489556604
1487,2027943.4818498075
1488,1368287.9352196674
1489,865362.5700040312
1490,994144.2521010964
1491,1003655.2496037858
1492,1368287.9352196674
1493,1397465.6489556604
1494,1368287.9352196674
1495,6955460.341472632
1496,1142906.106521469
1497,5420875.282561926
1498,1386318.7544736024
1499,1031294.2171892559
1500,1136359.1243299167
1501,1142906.106521469
1502,2198860.7197864293
1503,2042516.9363672093
1504,2363508.3222639062
1505,1142906.106521469
1506,994144.2521010964
1507,1188904.093210317
1508,1707410.237522642
1509,994144.2521010964
1510,994144.2521010964
1511,1188904.093210317
1512,1003655.2496037858
1513,2048849.1027808513
1514,1221340.2994687958
1515,6772577.610155196
1516,1188904.093210317
1517,12527229.045147102
1518,5420875.282561926
1519,994144.2521010964
1520,5420875.282561926
1521,2064102.006583856
1522,5009902.703699987
1523,2172882.5391310533
1524,2731124.7110142848
1525,994144.2521010964
1526,2617405.20473781
1527,994144.2521010964
1528,994144.2521010964
1529,994144.2521010964
1530,994144.2521010964
1531,1374354.0760746747
1532,1003655.2496037858
1533,4697071.9573369315
1534,1221340.2994687958
1535,1031294.2171892559
1536,1397465.6489556604
1537,6268468.279778
1538,2120400.1877993913
1539,2120400.1877993913
1540,1003655.2496037858
1541,2042516.9363672093
1542,994144.2521010964
1543,1031294.2171892559
1544,9704026.482601734
1545,1374354.0760746747
1546,1374354.0760746747
1547,1707410.237522642
1548,45903957.93428919
1549,1221340.2994687958
1550,994144.2521010964
1551,2129125.376533879
1552,994144.2521010964
1553,994144.2521010964
1554,1051804.1742801883
1555,2198860.7197864293
1556,5569445.774478993
1557,1051804.1742801883
1558,1003655.2496037858
1559,1003655.2496037858
1560,2198860.7197864293
1561,2363508.3222639062
1562,1031294.2171892559
1563,1221340.2994687958
1564,2363508.3222639062
1565,1221340.2994687958
1566,49285811.14171013
1567,2027943.4818498075
1568,2787998.3422060786
1569,1136359.1243299167
1570,27379069.111990374
1571,994144.2521010964
1572,1221340.2994687958
1573,2064102.006583856
1574,859252.4028022592
1575,2120400.1877993913
1576,2363508.3222639062
1577,2172882.5391310533
1578,994144.2521010964
1579,2094755.9378429889
1580,6772577.610155196
1581,2238722.9280280927
1582,994144.2521010964
1583,1397465.6489556604
1584,1913774.3032587997
1585,994144.2521010964
1586,4697071.9573369315
1587,1221340.2994687958
1588,5032467.971419586
1589,1707410.237522642
1590,1269390.6710160973
1591,1397465.6489556604
1592,1397465.6489556604
1593,1913774.3032587997
1594,1913774.3032587997
1595,994144.2521010964
1596,1221340.2994687958
1597,1003655.2496037858
1598,994144.2521010964
1599,994144.2521010964
1600,2198860.7197864293
1601,1003655.2496037858
1602,1188904.093210317
1603,2451802.0785680036
1604,994144.2521010964
1605,994144.2521010964
1606,6268468.279778
1607,2027943.4818498075
1608,852359.3956626456
1609,9704026.482601734
1610,1269390.6710160973
1611,2129125.376533879
1612,34517978.96099847
1613,1003655.2496037858
1614,1003655.2496037858
1615,1188904.093210317
1616,8964915.949576326
1617,2172882.5391310533
1618,1386318.7544736024
1619,2064102.006583856
1620,2042516.9363672093
1621,994144.2521010964
1622,2129125.376533879
1623,4729354.531854594
1624,1003655.2496037858
1625,2172882.5391310533
1626,2198860.7197864293
1627,2451802.0785680036
1628,15689299.842262924
1629,994144.2521010964
1630,2731124.7110142848
1631,2172882.5391310533
1632,2942118.153409838
1633,2451802.0785680036
1634,5569445.774478993
1635,1031294.2171892559
1636,6268468.279778
1637,1003655.2496037858
1638,5420875.282561926
1639,843817.712375835
1640,1386318.7544736024
1641,1188904.093210317
1642,1386318.7544736024
1643,994144.2521010964
1644,2731124.7110142848
1645,5032467.971419586
1646,1221340.2994687958
1647,15689299.842262924
1648,994144.2521010964
1649,2172882.5391310533
1650,1386318.7544736024
1651,2238722.9280280927
1652,1003655.2496037858
1653,1707410.237522642
1654,2198860.7197864293
1655,2129125.376533879
1656,1368287.9352196674
1657,1003655.2496037858
1658,1003655.2496037858
1659,994144.2521010964
1660,2451802.0785680036
1661,1269390.6710160973
1662,994144.2521010964
1663,2094755.9378429889
1664,1136359.1243299167
1665,3152541.8163048252
1666,1003655.2496037858
1667,994144.2521010964
1668,994144.2521010964
1669,1397465.6489556604
1670,1913774.3032587997
1671,994144.2521010964
1672,1142906.106521469
1673,1003655.2496037858
1674,994144.2521010964
1675,2027943.4818498075
1676,994144.2521010964
1677,1003655.2496037858
1678,2048849.1027808513
1679,1913774.3032587997
1680,2129125.376533879
1681,5420875.282561926
1682,1397465.6489556604
1683,2172882.5391310533
1684,994144.2521010964
1685,1136359.1243299167
1686,5566048.900920048
1687,1221340.2994687958
1688,994144.2521010964
1689,2027943.4818498075
1690,1397465.6489556604
1691,1913774.3032587997
1692,1221340.2994687958
1693,1374354.0760746747
1694,1221340.2994687958
1695,1397465.6489556604
1696,2027943.4818498075
1697,1003655.2496037858
1698,1221340.2994687958
1699,1707410.237522642
1700,2129125.376533879
1701,1003655.2496037858
1702,1221340.2994687958
1703,5420875.282561926
1704,1221340.2994687958
1705,1031294.2171892559
1706,2198860.7197864293
1707,4137023.994908421
1708,2172882.5391310533
1709,2027943.4818498075
1710,2120400.1877993913
1711,2129125.376533879
1712,994144.2521010964
1713,2120400.1877993913
1714,1269390.6710160973
1715,2198860.7197864293
1716,2120400.1877993913
1717,1269390.6710160973
1718,1221340.2994687958
1719,994144.2521010964
1720,994144.2521010964
1721,2129125.376533879
1722,1269390.6710160973
1723,1913774.3032587997
1724,4137023.994908421
1725,1397465.6489556604
1726,2172882.5391310533
1727,2027943.4818498075
1728,1003655.2496037858
1729,1269390.6710160973
1730,994144.2521010964
1731,5420875.282561926
1732,1374354.0760746747
1733,12588762.908612426
1734,6772577.610155196
1735,994144.2521010964
1736,994144.2521010964
1737,2172882.5391310533
1738,3355650.695665858
1739,994144.2521010964
1740,1142906.106521469
1741,2186550.896973722
1742,1003655.2496037858
1743,994144.2521010964
1744,994144.2521010964
1745,5566048.900920048
1746,1386318.7544736024
1747,1920792.7720267302
1748,1031294.2171892559
1749,1920792.7720267302
1750,2186550.896973722
1751,994144.2521010964
1752,1913774.3032587997
1753,2172882.5391310533
1754,994144.2521010964
1755,994144.2521010964
1756,1188904.093210317
1757,1051804.1742801883
1758,2608256.1221538344
1759,1374354.0760746747
1760,994144.2521010964
1761,16098941.468685638
1762,2198860.7197864293
1763,2198860.7197864293
1764,5569445.774478993
1765,2042516.9363672093
1766,2120400.1877993913
1767,2027943.4818498075
1768,1051804.1742801883
1769,994144.2521010964
1770,994144.2521010964
1771,843817.712375835
1772,1136359.1243299167
1773,994144.2521010964
1774,1136359.1243299167
1775,1707410.237522642
1776,1368287.9352196674
1777,4860939.729430707
1778,9995745.942894526
1779,1397465.6489556604
1780,994144.2521010964
1781,2198860.7197864293
1782,1136359.1243299167
1783,2129125.376533879
1784,5566048.900920048
1785,16473172.935262728
1786,994144.2521010964
1787,1707410.237522642
1788,865362.5700040312
1789,994144.2521010964
1790,994144.2521010964
1791,1707410.237522642
1792,2198860.7197864293
1793,1368287.9352196674
1794,1386318.7544736024
1795,2172882.5391310533
1796,1920792.7720267302
1797,5566048.900920048
1798,1221340.2994687958
1799,2608256.1221538344
1800,1221340.2994687958
1801,2451802.0785680036
1802,1397465.6489556604
1803,5588220.882063262
1804,8346982.132761681
1805,1221340.2994687958
1806,1397465.6489556604
1807,865362.5700040312
1808,2198860.7197864293
1809,1136359.1243299167
1810,1188904.093210317
1811,2942118.153409838
1812,2172882.5391310533
1813,1188904.093210317
1814,7381704.1734330505
1815,2120400.1877993913
1816,1707410.237522642
1817,859252.4028022592
1818,4729354.531854594
1819,1051804.1742801883
1820,1913774.3032587997
1821,2198860.7197864293
1822,2027943.4818498075
1823,1397465.6489556604
1824,1003655.2496037858
1825,1221340.2994687958
1826,1397465.6489556604
1827,865362.5700040312
1828,843817.712375835
1829,1031294.2171892559
1830,1374354.0760746747
1831,852359.3956626456
1832,1003655.2496037858
1833,1031294.2171892559
1834,852359.3956626456
1835,1051804.1742801883
1836,2027943.4818498075
1837,2787998.3422060786
1838,2027943.4818498075
1839,852359.3956626456
1840,994144.2521010964
1841,1031294.2171892559
1842,994144.2521010964
1843,2608256.1221538344
1844,9995745.942894526
1845,1707410.237522642
1846,1142906.106521469
1847,994144.2521010964
1848,1397465.6489556604
1849,1188904.093210317
1850,1368287.9352196674
1851,1003655.2496037858
1852,1003655.2496037858
1853,2120400.1877993913
1854,1003655.2496037858
1855,12527229.045147102
1856,1003655.2496037858
1857,2129125.376533879
1858,1397465.6489556604
1859,1397465.6489556604
1860,852359.3956626456
1861,843817.712375835
1862,1003655.2496037858
1863,994144.2521010964
1864,2608256.1221538344
1865,1031294.2171892559
1866,1920792.7720267302
1867,1003655.2496037858
1868,852359.3956626456
1869,1920792.7720267302
1870,1003655.2496037858
1871,1368287.9352196674
1872,2172882.5391310533
1873,2198860.7197864293
1874,6268468.279778
1875,994144.2521010964
1876,994144.2521010964
1877,994144.2521010964
1878,994144.2521010964
1879,2363508.3222639062
1880,1051804.1742801883
1881,2120400.1877993913
1882,2042516.9363672093
1883,1003655.2496037858
1884,994144.2521010964
1885,1142906.106521469
1886,1221340.2994687958
1887,2172882.5391310533
1888,994144.2521010964
1889,2238722.9280280927
1890,1031294.2171892559
1891,2731124.7110142848
1892,1374354.0760746747
1893,852359.3956626456
1894,1386318.7544736024
1895,1031294.2171892559
1896,1374354.0760746747
1897,1374354.0760746747
1898,2027943.4818498075
1899,2094755.9378429889
1900,1397465.6489556604
1901,1397465.6489556604
1902,994144.2521010964
1903,1707410.237522642
1904,1374354.0760746747
1905,2363508.3222639062
1906,1269390.6710160973
1907,994144.2521010964
1908,1136359.1243299167
1909,1003655.2496037858
1910,994144.2521010964
1911,2451802.0785680036
1912,2027943.4818498075
1913,2238722.9280280927
1914,1707410.237522642
1915,2042516.9363672093
1916,2094755.9378429889
1917,4860939.729430707
1918,994144.2521010964
1919,1031294.2171892559
1920,1003655.2496037858
1921,1136359.1243299167
1922,2172882.5391310533
1923,1707410.237522642
1924,852359.3956626456
1925,1707410.237522642
1926,1221340.2994687958
1927,1188904.093210317
1928,2198860.7197864293
1929,852359.3956626456
1930,2129125.376533879
1931,2172882.5391310533
1932,2238722.9280280927
1933,994144.2521010964
1934,2198860.7197864293
1935,1368287.9352196674
1936,994144.2521010964
1937,1374354.0760746747
1938,2238722.9280280927
1939,5566048.900920048
1940,1386318.7544736024
1941,2129125.376533879
1942,1913774.3032587997
1943,2198860.7197864293
1944,1031294.2171892559
1945,994144.2521010964
1946,2451802.0785680036
1947,1913774.3032587997
1948,2027943.4818498075
1949,1920792.7720267302
1950,994144.2521010964
1951,994144.2521010964
1952,1920792.7720267302
1953,1386318.7544736024
1954,2048849.1027808513
1955,2120400.1877993913
1956,2094755.9378429889
1957,1707410.237522642
1958,1913774.3032587997
1959,994144.2521010964
1960,994144.2521010964
1961,1003655.2496037858
1962,994144.2521010964
1963,994144.2521010964
1964,2451802.0785680036
1965,1188904.093210317
1966,5009902.703699987
1967,6772577.610155196
1968,1269390.6710160973
1969,2172882.5391310533
1970,2048849.1027808513
1971,2198860.7197864293
1972,2608256.1221538344
1973,5569445.774478993
1974,2120400.1877993913
1975,1051804.1742801883
1976,1707410.237522642
1977,1221340.2994687958
1978,1051804.1742801883
1979,1051804.1742801883
1980,2042516.9363672093
1981,1003655.2496037858
1982,2172882.5391310533
1983,1913774.3032587997
1984,2451802.0785680036
1985,865362.5700040312
1986,5566048.900920048
1987,2094755.9378429889
1988,3355650.695665858
1989,1003655.2496037858
1990,5566048.900920048
1991,1051804.1742801883
1992,2027943.4818498075
1993,1374354.0760746747
1994,1135458.9102870685
1995,1142906.106521469
1996,1221340.2994687958
1997,1397465.6489556604
1998,852359.3956626456
1999,994144.2521010964
2000,859252.4028022592
2001,994144.2521010964
2002,2120400.1877993913
2003,2064102.006583856
2004,1397465.6489556604
2005,1397465.6489556604
2006,1221340.2994687958
2007,1920792.7720267302
2008,1269390.6710160973
2009,1221340.2994687958
2010,1136359.1243299167
2011,5588220.882063262
2012,2129125.376533879
2013,2064102.006583856
2014,994144.2521010964
2015,2027943.4818498075
2016,1135458.9102870685
2017,5420875.282561926
2018,2129125.376533879
2019,1480819.559758009
2020,2048849.1027808513
2021,2048849.1027808513
2022,2198860.7197864293
2023,2042516.9363672093
2024,2451802.0785680036
2025,1221340.2994687958
2026,2120400.1877993913
2027,6772577.610155196
2028,994144.2521010964
2029,1003655.2496037858
2030,1221340.2994687958
2031,1142906.106521469
2032,994144.2521010964
2033,1913774.3032587997
2034,1142906.106521469
2035,1135458.9102870685
2036,1374354.0760746747
2037,994144.2521010964
2038,2363508.3222639062
2039,1368287.9352196674
2040,1707410.237522642
2041,2042516.9363672093
2042,1136359.1243299167
2043,1221340.2994687958
2044,994144.2521010964
2045,2129125.376533879
2046,843817.712375835
2047,1374354.0760746747
2048,994144.2521010964
2049,1188904.093210317
2050,2198860.7197864293
2051,994144.2521010964
2052,858027.5761794022
2053,5569445.774478993
2054,994144.2521010964
2055,12588762.908612426
2056,1269390.6710160973
2057,3478773.988743972
2058,859252.4028022592
2059,2942118.153409838
2060,2027943.4818498075
2061,1913774.3032587997
2062,994144.2521010964
2063,2198860.7197864293
2064,994144.2521010964
2065,1003655.2496037858
2066,1221340.2994687958
2067,2186550.896973722
2068,2094755.9378429889
2069,2048849.1027808513
2070,1136359.1243299167
2071,994144.2521010964
2072,1188904.093210317
2073,8655530.117484778
2074,2048849.1027808513
2075,1188904.093210317
2076,1221340.2994687958
2077,1188904.093210317
2078,994144.2521010964
2079,994144.2521010964
2080,1707410.237522642
2081,2198860.7197864293
2082,1374354.0760746747
2083,2027943.4818498075
2084,4560444.246310352
2085,4729354.531854594
2086,1031294.2171892559
2087,1705292.1791524326
2088,994144.2521010964
2089,1142906.106521469
2090,2966197.586113569
2091,5569445.774478993
2092,994144.2521010964
2093,1920792.7720267302
2094,2120400.1877993913
2095,1003655.2496037858
2096,2120400.1877993913
2097,994144.2521010964
2098,1136359.1243299167
2099,1135458.9102870685
2100,1142906.106521469
2101,1920792.7720267302
2102,994144.2521010964
2103,12527229.045147102
2104,5566048.900920048
2105,2129125.376533879
2106,1188904.093210317
2107,852359.3956626456
2108,852359.3956626456
2109,1368287.9352196674
2110,994144.2521010964
2111,1031294.2171892559
2112,1003655.2496037858
2113,2731124.7110142848
2114,1142906.106521469
2115,5569445.774478993
2116,5569445.774478993
2117,2120400.1877993913
2118,2027943.4818498075
2119,2451802.0785680036
2120,5566048.900920048
2121,5588220.882063262
2122,2143826.1712357365
2123,2198860.7197864293
2124,994144.2521010964
2125,2172882.5391310533
2126,2094755.9378429889
2127,994144.2521010964
2128,1221340.2994687958
2129,1221340.2994687958
2130,994144.2521010964
2131,4729354.531854594
2132,1136359.1243299167
2133,1188904.093210317
2134,1003655.2496037858
2135,6772577.610155196
2136,2451802.0785680036
2137,7265608.9068595655
2138,2042516.9363672093
2139,1051804.1742801883
2140,994144.2521010964
2141,2363508.3222639062
2142,1003655.2496037858
2143,2120400.1877993913
2144,1003655.2496037858
2145,1397465.6489556604
2146,1188904.093210317
2147,2027943.4818498075
2148,1913774.3032587997
2149,1913774.3032587997
2150,994144.2521010964
2151,2731124.7110142848
2152,994144.2521010964
2153,2238722.9280280927
2154,1397465.6489556604
2155,994144.2521010964
2156,1397465.6489556604
2157,994144.2521010964
2158,2027943.4818498075
2159,1269390.6710160973
2160,1221340.2994687958
2161,1221340.2994687958
2162,41974894.15909295
2163,994144.2521010964
2164,1368287.9352196674
2165,2120400.1877993913
2166,7265608.9068595655
2167,1136359.1243299167
2168,1221340.2994687958
2169,5569445.774478993
2170,2064102.006583856
2171,6268468.279778
2172,55033054.08223961
2173,1368287.9352196674
2174,994144.2521010964
2175,994144.2521010964
2176,2198860.7197864293
2177,1188904.093210317
2178,1051804.1742801883
2179,843817.712375835
2180,2027943.4818498075
2181,2120400.1877993913
2182,4729354.531854594
2183,994144.2521010964
2184,1051804.1742801883
2185,1003655.2496037858
2186,994144.2521010964
2187,1269390.6710160973
2188,1051804.1742801883
2189,994144.2521010964
2190,2451802.0785680036
2191,1051804.1742801883
2192,4560444.246310352
2193,2027943.4818498075
2194,1913774.3032587997
2195,994144.2521010964
2196,2198860.7197864293
2197,8939741.16488333
2198,994144.2521010964
2199,8964915.949576326
2200,2451802.0785680036
2201,1003655.2496037858
2202,8939741.16488333
2203,1188904.093210317
2204,1136359.1243299167
2205,994144.2521010964
2206,2451802.0785680036
2207,6955460.341472632
2208,2942118.153409838
2209,2048849.1027808513
2210,5569445.774478993
2211,994144.2521010964
2212,1188904.093210317
2213,2731124.7110142848
2214,2120400.1877993913
2215,1374354.0760746747
2216,2094755.9378429889
2217,994144.2521010964
2218,1221340.2994687958
2219,4697071.9573369315
2220,1397465.6489556604
2221,1142906.106521469
2222,5569445.774478993
2223,1136359.1243299167
2224,1136359.1243299167
2225,1142906.106521469
2226,1707410.237522642
2227,994144.2521010964
2228,1221340.2994687958
2229,1003655.2496037858
2230,1368287.9352196674
2231,1368287.9352196674
2232,994144.2521010964
2233,5517830.319612954
2234,2120400.1877993913
2235,994144.2521010964
2236,994144.2521010964
2237,5566048.900920048
2238,1136359.1243299167
2239,1397465.6489556604
2240,2048849.1027808513
2241,13758776.169800801
2242,11569566.927576354
2243,6955460.341472632
2244,994144.2521010964
2245,2064102.006583856
2246,1003655.2496037858
2247,2129125.376533879
2248,2027943.4818498075
2249,2942118.153409838
2250,2048849.1027808513
2251,2198860.7197864293
2252,2027943.4818498075
2253,1368287.9352196674
2254,1003655.2496037858
2255,1142906.106521469
2256,843817.712375835
2257,2129125.376533879
2258,2129125.376533879
2259,1269390.6710160973
2260,1707410.237522642
2261,2027943.4818498075
2262,2731124.7110142848
2263,1136359.1243299167
2264,1913774.3032587997
2265,1221340.2994687958
2266,1221340.2994687958
2267,5569445.774478993
2268,1136359.1243299167
2269,1707410.237522642
2270,1707410.237522642
2271,994144.2521010964
2272,994144.2521010964
2273,2172882.5391310533
2274,1051804.1742801883
2275,994144.2521010964
2276,4697071.9573369315
2277,2120400.1877993913
2278,2731124.7110142848
2279,4729354.531854594
2280,2198860.7197864293
2281,1221340.2994687958
2282,1188904.093210317
2283,2048849.1027808513
2284,1188904.093210317
2285,2129125.376533879
2286,1221340.2994687958
2287,1051804.1742801883
2288,1920792.7720267302
2289,1003655.2496037858
2290,1707410.237522642
2291,994144.2521010964
2292,1221340.2994687958
2293,1707410.237522642
2294,1031294.2171892559
2295,1397465.6489556604
2296,1374354.0760746747
2297,2172882.5391310533
2298,1397465.6489556604
2299,1221340.2994687958
2300,1003655.2496037858
2301,1221340.2994687958
2302,1920792.7720267302
2303,994144.2521010964
2304,1397465.6489556604
2305,5566048.900920048
2306,1031294.2171892559
2307,2451802.0785680036
2308,2198860.7197864293
2309,2608256.1221538344
2310,2198860.7197864293
2311,1003655.2496037858
2312,994144.2521010964
2313,2129125.376533879
2314,2451802.0785680036
2315,994144.2521010964
2316,2451802.0785680036
2317,994144.2521010964
2318,2129125.376533879
2319,6268468.279778
2320,3355650.695665858
2321,1188904.093210317
2322,994144.2521010964
2323,994144.2521010964
2324,2027943.4818498075
2325,2172882.5391310533
2326,1368287.9352196674
2327,1003655.2496037858
2328,861068.0082292495
2329,1003655.2496037858
2330,1142906.106521469
2331,994144.2521010964
2332,2198860.7197864293
2333,1031294.2171892559
2334,1051804.1742801883
2335,2198860.7197864293
2336,1136359.1243299167
2337,2186550.896973722
2338,1136359.1243299167
2339,1051804.1742801883
2340,1397465.6489556604
2341,1221340.2994687958
2342,2198860.7197864293
2343,994144.2521010964
2344,2172882.5391310533
2345,994144.2521010964
2346,994144.2521010964
2347,1374354.0760746747
2348,2451802.0785680036
2349,2186550.896973722
2350,1003655.2496037858
2351,2198860.7197864293
2352,2186550.896973722
2353,1913774.3032587997
2354,994144.2521010964
2355,2731124.7110142848
2356,1051804.1742801883
2357,994144.2521010964
2358,1368287.9352196674
2359,1136359.1243299167
2360,2942118.153409838
2361,8346982.132761681
2362,1707410.237522642
2363,2094755.9378429889
2364,994144.2521010964
2365,1003655.2496037858
2366,1051804.1742801883
2367,34260564.426309295
2368,994144.2521010964
2369,2451802.0785680036
2370,1051804.1742801883
2371,4860939.729430707
2372,994144.2521010964
2373,1374354.0760746747
2374,1188904.093210317
2375,1051804.1742801883
2376,1269390.6710160973
2377,1003655.2496037858
2378,1031294.2171892559
2379,2731124.7110142848
2380,994144.2521010964
2381,2129125.376533879
2382,1397465.6489556604
2383,994144.2521010964
2384,2120400.1877993913
2385,1003655.2496037858
2386,1221340.2994687958
2387,1707410.237522642
2388,2198860.7197864293
2389,1221340.2994687958
2390,994144.2521010964
2391,12527229.045147102
2392,1221340.2994687958
2393,994144.2521010964
2394,865362.5700040312
2395,2238722.9280280927
2396,994144.2521010964
2397,1051804.1742801883
2398,1051804.1742801883
2399,1188904.093210317
2400,994144.2521010964
2401,2186550.896973722
2402,2451802.0785680036
2403,1397465.6489556604
2404,994144.2521010964
2405,2129125.376533879
2406,2094755.9378429889
2407,1136359.1243299167
2408,2186550.896973722
2409,1368287.9352196674
2410,1920792.7720267302
2411,2198860.7197864293
2412,1368287.9352196674
2413,1374354.0760746747
2414,1188904.093210317
2415,1003655.2496037858
2416,1003655.2496037858
2417,7265608.9068595655
2418,8346982.132761681
2419,1374354.0760746747
2420,2172882.5391310533
2421,1136359.1243299167
2422,2042516.9363672093
2423,1920792.7720267302
2424,2120400.1877993913
2425,6268468.279778
2426,1221340.2994687958
2427,2027943.4818498075
2428,994144.2521010964
2429,2186550.896973722
2430,1397465.6489556604
2431,1188904.093210317
2432,1051804.1742801883
2433,2172882.5391310533
2434,1368287.9352196674
2435,1003655.2496037858
2436,1913774.3032587997
2437,2129125.376533879
2438,843817.712375835
2439,1397465.6489556604
2440,1368287.9352196674
2441,5566048.900920048
2442,6268468.279778
2443,5566048.900920048
2444,2172882.5391310533
2445,4697071.9573369315
2446,994144.2521010964
2447,1221340.2994687958
2448,1051804.1742801883
2449,2731124.7110142848
2450,1368287.9352196674
2451,2238722.9280280927
2452,1003655.2496037858
2453,1374354.0760746747
2454,2094755.9378429889
2455,2363508.3222639062
2456,2198860.7197864293
2457,1221340.2994687958
2458,1734604.8442907692
2459,2172882.5391310533
2460,994144.2521010964
2461,994144.2521010964
2462,1221340.2994687958
2463,1142906.106521469
2464,994144.2521010964
2465,994144.2521010964
2466,994144.2521010964
2467,994144.2521010964
2468,881249.4017493513
2469,994144.2521010964
2470,5569445.774478993
2471,994144.2521010964
2472,2731124.7110142848
2473,1142906.106521469
2474,1136359.1243299167
2475,1920792.7720267302
2476,2451802.0785680036
2477,1003655.2496037858
2478,1397465.6489556604
2479,1136359.1243299167
2480,6268468.279778
2481,994144.2521010964
2482,1031294.2171892559
2483,1374354.0760746747
2484,5009902.703699987
2485,1188904.093210317
2486,2172882.5391310533
2487,1221340.2994687958
2488,1705292.1791524326
2489,994144.2521010964
2490,2363508.3222639062
2491,6955460.341472632
2492,1913774.3032587997
2493,1142906.106521469
2494,1221340.2994687958
2495,1003655.2496037858
2496,994144.2521010964
2497,1269390.6710160973
2498,1707410.237522642
2499,1031294.2171892559
2500,1188904.093210317
2501,994144.2521010964
2502,1135458.9102870685
2503,1397465.6489556604
2504,9704026.482601734
2505,1913774.3032587997
2506,3355650.695665858
2507,2172882.5391310533
2508,4729354.531854594
2509,1031294.2171892559
2510,1221340.2994687958
2511,994144.2521010964
2512,1135458.9102870685
2513,994144.2521010964
2514,1707410.237522642
2515,1136359.1243299167
2516,2027943.4818498075
2517,2198860.7197864293
2518,1031294.2171892559
2519,2042516.9363672093
2520,1003655.2496037858
2521,2198860.7197864293
2522,2451802.0785680036
2523,2027943.4818498075
2524,1003655.2496037858
2525,1031294.2171892559
2526,1142906.106521469
2527,2172882.5391310533
2528,1051804.1742801883
2529,1707410.237522642
2530,1188904.093210317
2531,2172882.5391310533
2532,2198860.7197864293
2533,1221340.2994687958
2534,1188904.093210317
2535,1920792.7720267302
2536,1136359.1243299167
2537,2027943.4818498075
2538,1707410.237522642
2539,1386318.7544736024
2540,4729354.531854594
2541,7863144.543826475
2542,1135458.9102870685
2543,1707410.237522642
2544,2094755.9378429889
2545,6772577.610155196
2546,2731124.7110142848
2547,1031294.2171892559
2548,1051804.1742801883
2549,1221340.2994687958
2550,2048849.1027808513
2551,1135458.9102870685
2552,1051804.1742801883
2553,1734604.8442907692
2554,2172882.5391310533
2555,2172882.5391310533
2556,2042516.9363672093
2557,2198860.7197864293
2558,2120400.1877993913
2559,4137023.994908421
2560,2608256.1221538344
2561,1734604.8442907692
2562,4560444.246310352
2563,2042516.9363672093
2564,1142906.106521469
2565,994144.2521010964
2566,2451802.0785680036
2567,994144.2521010964
2568,1003655.2496037858
2569,1003655.2496037858
2570,2027943.4818498075
2571,2731124.7110142848
2572,1031294.2171892559
2573,1003655.2496037858
2574,1707410.237522642
2575,1707410.237522642
2576,2027943.4818498075
2577,1707410.237522642
2578,1221340.2994687958
2579,994144.2521010964
2580,5566048.900920048
2581,2731124.7110142848
2582,1136359.1243299167
2583,5569445.774478993
2584,1374354.0760746747
2585,2731124.7110142848
2586,1051804.1742801883
2587,1707410.237522642
2588,2120400.1877993913
2589,994144.2521010964
2590,2172882.5391310533
2591,5569445.774478993
2592,1136359.1243299167
2593,994144.2521010964
2594,1397465.6489556604
2595,994144.2521010964
2596,1003655.2496037858
2597,994144.2521010964
2598,1707410.237522642
2599,1031294.2171892559
2600,1188904.093210317
2601,994144.2521010964
2602,994144.2521010964
2603,1705292.1791524326
2604,1135458.9102870685
2605,2731124.7110142848
2606,1136359.1243299167
2607,865362.5700040312
2608,1003655.2496037858
2609,1003655.2496037858
2610,1221340.2994687958
2611,1221340.2994687958
2612,1386318.7544736024
2613,2042516.9363672093
2614,2172882.5391310533
2615,8964915.949576326
2616,1913774.3032587997
2617,2198860.7197864293
2618,994144.2521010964
2619,1051804.1742801883
2620,2172882.5391310533
2621,1374354.0760746747
2622,1913774.3032587997
2623,1920792.7720267302
2624,1188904.093210317
2625,5566048.900920048
2626,1913774.3032587997
2627,1386318.7544736024
2628,2120400.1877993913
2629,10481994.293031929
2630,5566048.900920048
2631,1397465.6489556604
2632,2451802.0785680036
2633,8964915.949576326
2634,994144.2521010964
2635,4860939.729430707
2636,1051804.1742801883
2637,1374354.0760746747
2638,994144.2521010964
2639,1707410.237522642
2640,994144.2521010964
2641,2129125.376533879
2642,16473172.935262728
2643,1221340.2994687958
2644,994144.2521010964
2645,2172882.5391310533
2646,5569445.774478993
2647,994144.2521010964
2648,843817.712375835
2649,1003655.2496037858
2650,1003655.2496037858
2651,1051804.1742801883
2652,1136359.1243299167
2653,1051804.1742801883
2654,32195591.786104985
2655,994144.2521010964
2656,1051804.1742801883
2657,2198860.7197864293
2658,2048849.1027808513
2659,1221340.2994687958
2660,2048849.1027808513
2661,6268468.279778
2662,1031294.2171892559
2663,5009902.703699987
2664,1368287.9352196674
2665,8346982.132761681
2666,5420875.282561926
2667,1397465.6489556604
2668,2042516.9363672093
2669,2238722.9280280927
2670,2027943.4818498075
2671,2942118.153409838
2672,1136359.1243299167
2673,1374354.0760746747
2674,2129125.376533879
2675,994144.2521010964
2676,1135458.9102870685
2677,1142906.106521469
2678,1136359.1243299167
2679,1031294.2171892559
2680,2129125.376533879
2681,5118681.930835037
2682,2172882.5391310533
2683,6955460.341472632
2684,1051804.1742801883
2685,5566048.900920048
2686,2942118.153409838
2687,1913774.3032587997
2688,1269390.6710160973
2689,994144.2521010964
2690,994144.2521010964
2691,5009902.703699987
2692,1221340.2994687958
2693,2172882.5391310533
2694,2129125.376533879
2695,7265608.9068595655
2696,6268468.279778
2697,2363508.3222639062
2698,2451802.0785680036
2699,8346982.132761681
2700,2198860.7197864293
2701,1221340.2994687958
2702,994144.2521010964
2703,1913774.3032587997
2704,7265608.9068595655
2705,994144.2521010964
2706,1269390.6710160973
2707,2787998.3422060786
2708,2120400.1877993913
2709,1368287.9352196674
2710,1051804.1742801883
2711,2942118.153409838
2712,2048849.1027808513
2713,1051804.1742801883
2714,2027943.4818498075
2715,1031294.2171892559
2716,1397465.6489556604
2717,2451802.0785680036
2718,1386318.7544736024
2719,1188904.093210317
2720,1003655.2496037858
2721,2238722.9280280927
2722,2198860.7197864293
2723,2048849.1027808513
2724,2172882.5391310533
2725,994144.2521010964
2726,2042516.9363672093
2727,2027943.4818498075
2728,1003655.2496037858
2729,2129125.376533879
2730,3478773.988743972
2731,1374354.0760746747
2732,994144.2521010964
2733,2042516.9363672093
2734,1707410.237522642
2735,852359.3956626456
2736,994144.2521010964
2737,994144.2521010964
2738,2172882.5391310533
2739,1397465.6489556604
2740,994144.2521010964
2741,843817.712375835
2742,1221340.2994687958
2743,1136359.1243299167
2744,1386318.7544736024
2745,994144.2521010964
2746,6268468.279778
2747,2048849.1027808513
2748,994144.2521010964
2749,994144.2521010964
2750,7863144.543826475
2751,2731124.7110142848
2752,2120400.1877993913
2753,1003655.2496037858
2754,994144.2521010964
2755,2048849.1027808513
2756,2120400.1877993913
2757,994144.2521010964
2758,2027943.4818498075
2759,1003655.2496037858
2760,2172882.5391310533
2761,2942118.153409838
2762,1913774.3032587997
2763,1003655.2496037858
2764,1051804.1742801883
2765,2048849.1027808513
2766,1707410.237522642
2767,2027943.4818498075
2768,1269390.6710160973
2769,1188904.093210317
2770,1003655.2496037858
2771,7265608.9068595655
2772,2120400.1877993913
2773,994144.2521010964
2774,994144.2521010964
2775,2198860.7197864293
2776,2129125.376533879
2777,15689299.842262924
2778,1707410.237522642
2779,1221340.2994687958
2780,1051804.1742801883
2781,1003655.2496037858
2782,1397465.6489556604
2783,2172882.5391310533
2784,1031294.2171892559
2785,1221340.2994687958
2786,2027943.4818498075
2787,2027943.4818498075
2788,2120400.1877993913
2789,1368287.9352196674
2790,1705292.1791524326
2791,1707410.237522642
2792,1221340.2994687958
2793,1397465.6489556604
2794,1269390.6710160973
2795,2238722.9280280927
2796,1221340.2994687958
2797,1142906.106521469
2798,1221340.2994687958
2799,1135458.9102870685
2800,1221340.2994687958
2801,1031294.2171892559
2802,2172882.5391310533
2803,2172882.5391310533
2804,2172882.5391310533
2805,7863144.543826475
2806,5569445.774478993
2807,2027943.4818498075
2808,1136359.1243299167
2809,2198860.7197864293
2810,1003655.2496037858
2811,1003655.2496037858
2812,994144.2521010964
2813,1386318.7544736024
2814,1913774.3032587997
2815,1003655.2496037858
2816,2048849.1027808513
2817,2120400.1877993913
2818,1003655.2496037858
2819,4697071.9573369315
2820,994144.2521010964
2821,1136359.1243299167
2822,843817.712375835
2823,994144.2521010964
2824,2942118.153409838
2825,2120400.1877993913
2826,2198860.7197864293
2827,1221340.2994687958
2828,2451802.0785680036
2829,2198860.7197864293
2830,2451802.0785680036
2831,1136359.1243299167
2832,1136359.1243299167
2833,1374354.0760746747
2834,1136359.1243299167
2835,1188904.093210317
2836,2027943.4818498075
2837,2198860.7197864293
2838,1920792.7720267302
2839,1397465.6489556604
2840,5566048.900920048
2841,1135458.9102870685
2842,1051804.1742801883
2843,1051804.1742801883
2844,1136359.1243299167
2845,2048849.1027808513
2846,2198860.7197864293
2847,2198860.7197864293
2848,1003655.2496037858
2849,994144.2521010964
2850,2120400.1877993913
2851,994144.2521010964
2852,3259162.439194789
2853,2731124.7110142848
2854,2238722.9280280927
2855,1920792.7720267302
2856,1136359.1243299167
2857,994144.2521010964
2858,8939741.16488333
2859,994144.2521010964
2860,1031294.2171892559
2861,1003655.2496037858
2862,1221340.2994687958
2863,2198860.7197864293
2864,2027943.4818498075
2865,1397465.6489556604
2866,1368287.9352196674
2867,865362.5700040312
2868,1221340.2994687958
2869,994144.2521010964
2870,2027943.4818498075
2871,1707410.237522642
2872,1031294.2171892559
2873,2129125.376533879
2874,1221340.2994687958
2875,1051804.1742801883
2876,1142906.106521469
2877,4729354.531854594
2878,2172882.5391310533
2879,2094755.9378429889
2880,2027943.4818498075
2881,2172882.5391310533
2882,1221340.2994687958
2883,1031294.2171892559
2884,1913774.3032587997
2885,21284877.862489775
2886,1031294.2171892559
2887,2120400.1877993913
2888,2198860.7197864293
2889,1003655.2496037858
2890,5569445.774478993
2891,5569445.774478993
2892,1221340.2994687958
2893,6955460.341472632
2894,2042516.9363672093
2895,1031294.2171892559
2896,1368287.9352196674
2897,994144.2521010964
2898,994144.2521010964
2899,994144.2521010964
2900,2238722.9280280927
2901,13758776.169800801
2902,2451802.0785680036
2903,13758776.169800801
2904,5588220.882063262
2905,2198860.7197864293
2906,2942118.153409838
2907,12588762.908612426
2908,1221340.2994687958
2909,8869013.18645051
2910,7863144.543826475
2911,2451802.0785680036
2912,2048849.1027808513
2913,2027943.4818498075
2914,10465652.084037798
2915,6268468.279778
2916,1188904.093210317
2917,2363508.3222639062
2918,2731124.7110142848
2919,2731124.7110142848
2920,1031294.2171892559
2921,6268468.279778
2922,2048849.1027808513
2923,2451802.0785680036
2924,1707410.237522642
2925,2198860.7197864293
2926,1707410.237522642
2927,1707410.237522642
2928,2129125.376533879
2929,2172882.5391310533
2930,2451802.0785680036
2931,16473172.935262728
2932,2120400.1877993913
2933,994144.2521010964
2934,9995745.942894526
2935,1051804.1742801883
2936,21284877.862489775
2937,1221340.2994687958
2938,1136359.1243299167
2939,3152541.8163048252
2940,3355650.695665858
2941,1003655.2496037858
2942,2198860.7197864293
2943,1397465.6489556604
2944,2027943.4818498075
2945,1397465.6489556604
2946,1707410.237522642
2947,2451802.0785680036
2948,12527229.045147102
2949,6268468.279778
2950,1051804.1742801883
2951,4137023.994908421
2952,1269390.6710160973
2953,6268468.279778
2954,2027943.4818498075
2955,1221340.2994687958
2956,1221340.2994687958
2957,1368287.9352196674
2958,5569445.774478993
2959,1913774.3032587997
2960,1136359.1243299167
2961,8655530.117484778
2962,5569445.774478993
2963,7381704.1734330505
2964,2186550.896973722
2965,2129125.376533879
2966,12527229.045147102
2967,32195591.786104985
2968,2198860.7197864293
2969,7863144.543826475
2970,1913774.3032587997
2971,7265608.9068595655
2972,49606032.08847593
2973,6772577.610155196
2974,2120400.1877993913
2975,2787998.3422060786
2976,13758776.169800801
2977,7381704.1734330505
2978,5118681.930835037
2979,8869013.18645051
2980,8869013.18645051
2981,2064102.006583856
2982,6268468.279778
2983,2238722.9280280927
2984,994144.2521010964
2985,2451802.0785680036
2986,41974894.15909295
2987,6268468.279778
2988,16473172.935262728
2989,2198860.7197864293
2990,16098941.468685638
2991,8869013.18645051
2992,1374354.0760746747
2993,2172882.5391310533
2994,1221340.2994687958
2995,2120400.1877993913
2996,7265608.9068595655
2997,2027943.4818498075
2998,3259162.439194789
2999,2064102.006583856
3000,5569445.774478993
3001,2608256.1221538344
3002,11892708.880826917
3003,1031294.2171892559
3004,2363508.3222639062
3005,2027943.4818498075
3006,2787998.3422060786
3007,2172882.5391310533
3008,11569566.927576354
3009,2198860.7197864293
3010,3152541.8163048252
3011,2172882.5391310533
3012,1368287.9352196674
3013,15689299.842262924
3014,1142906.106521469
3015,2451802.0785680036
3016,9995745.942894526
3017,2942118.153409838
3018,12527229.045147102
3019,2129125.376533879
3020,1188904.093210317
3021,2731124.7110142848
3022,2094755.9378429889
3023,2120400.1877993913
3024,6955460.341472632
3025,16098941.468685638
3026,2172882.5391310533
3027,1374354.0760746747
3028,3259162.439194789
3029,2942118.153409838
3030,994144.2521010964
3031,10465652.084037798
3032,1707410.237522642
3033,1374354.0760746747
3034,5420875.282561926
3035,5032467.971419586
3036,8964915.949576326
3037,5569445.774478993
3038,1397465.6489556604
3039,2198860.7197864293
3040,11892708.880826917
3041,2363508.3222639062
3042,11569566.927576354
3043,3259162.439194789
3044,15689299.842262924
3045,5032467.971419586
3046,4697071.9573369315
3047,27379069.111990374
3048,3152541.8163048252
3049,2129125.376533879
3050,2198860.7197864293
3051,32195591.786104985
3052,4729354.531854594
3053,6772577.610155196
3054,2198860.7197864293
3055,2608256.1221538344
3056,2172882.5391310533
3057,32195591.786104985
3058,8964915.949576326
3059,9995745.942894526
3060,2198860.7197864293
3061,5588220.882063262
3062,34517978.96099847
3063,5569445.774478993
3064,1269390.6710160973
3065,17983509.344082385
3066,2198860.7197864293
3067,2027943.4818498075
3068,2048849.1027808513
3069,15961522.197904313
3070,5569445.774478993
3071,2172882.5391310533
3072,174559520.53800428
3073,2198860.7197864293
3074,8346982.132761681
3075,11569566.927576354
3076,7863144.543826475
3077,4697071.9573369315
3078,5420875.282561926
3079,26233364.780458946
3080,2238722.9280280927
3081,2186550.896973722
3082,4860939.729430707
3083,994144.2521010964
3084,32195591.786104985
3085,12527229.045147102
3086,2451802.0785680036
3087,5566048.900920048
3088,2617405.20473781
3089,3478773.988743972
3090,5420875.282561926
3091,2942118.153409838
3092,994144.2521010964
3093,1136359.1243299167
3094,2027943.4818498075
3095,5517830.319612954
3096,2042516.9363672093
3097,2942118.153409838
3098,2129125.376533879
3099,32195591.786104985
3100,1003655.2496037858
3101,21284877.862489775
3102,2608256.1221538344
3103,2942118.153409838
3104,1368287.9352196674
3105,1707410.237522642
3106,994144.2521010964
3107,8346982.132761681
3108,10465652.084037798
3109,2027943.4818498075
3110,2198860.7197864293
3111,2094755.9378429889
3112,6772577.610155196
3113,11892708.880826917
3114,32195591.786104985
3115,2363508.3222639062
3116,7265608.9068595655
3117,16098941.468685638
3118,1136359.1243299167
3119,8939741.16488333
3120,10465652.084037798
3121,16098941.468685638
3122,5569445.774478993
3123,16098941.468685638
3124,2064102.006583856
3125,2942118.153409838
3126,16473172.935262728
3127,2027943.4818498075
3128,6268468.279778
3129,15689299.842262924
3130,2120400.1877993913
3131,2172882.5391310533
3132,4729354.531854594
3133,3478773.988743972
3134,2042516.9363672093
3135,1003655.2496037858
3136,3478773.988743972
3137,4860939.729430707
3138,2186550.896973722
3139,8655530.117484778
3140,8346982.132761681
3141,5569445.774478993
3142,2143826.1712357365
3143,5569445.774478993
3144,8869013.18645051
3145,1913774.3032587997
3146,1051804.1742801883
3147,2363508.3222639062
3148,16098941.468685638
3149,2942118.153409838
3150,11892708.880826917
3151,6955460.341472632
3152,994144.2521010964
3153,2363508.3222639062
3154,1135458.9102870685
3155,1135458.9102870685
3156,1135458.9102870685
3157,1135458.9102870685
3158,1136359.1243299167
3159,1136359.1243299167
3160,1135458.9102870685
3161,1135458.9102870685
3162,1135458.9102870685
3163,1135458.9102870685
3164,1136359.1243299167
3165,1135458.9102870685
3166,1135458.9102870685
