,Other_pred
0,0.5851476093903931
1,0.5327212452609378
2,2.662335856535177
3,0.5327212452609378
4,0.5851476093903931
5,0.5
6,0.5327212452609378
7,0.6437518295172258
8,1.1209601475280375
9,0.5
10,0.7692248816793665
11,1.9561320640669302
12,0.5327212452609378
13,2.2142651419146024
14,0.5327212452609378
15,1.513013247092792
16,0.6437518295172258
17,1.9999999999999982
18,0.7381011282837289
19,0.6437518295172258
20,3.639174315315069
21,2.116022667724434
22,0.6437518295172258
23,0.36525234466880874
24,0.5327212452609378
25,0.6437518295172258
26,0.7692248816793665
27,0.6437518295172258
28,0.6437518295172258
29,0.5327212452609378
30,0.7381011282837289
31,3.999999999999999
32,2.864429567296111
33,0.5
34,0.7381011282837289
35,0.6437518295172258
36,1.2044530547610308
37,0.6437518295172258
38,1.686679443168524
39,1.3702154399344577
40,0.5678792162138591
41,0.6437518295172258
42,0.7381011282837289
43,0.5327212452609378
44,2.662335856535177
45,0.6437518295172258
46,0.6437518295172258
47,0.5327212452609378
48,0.6437518295172258
49,0.5851476093903931
50,0.6437518295172258
51,0.6437518295172258
52,0.5327212452609378
53,0.6437518295172258
54,2.2142651419146024
55,0.6437518295172258
56,0.5327212452609378
57,1.2044530547610308
58,0.5327212452609378
59,0.7692248816793665
60,0.5327212452609378
61,2.000000000000001
62,1.9328208826206765
63,2.4904902449678366
64,0.5
65,0.6437518295172258
66,2.4904902449678366
67,0.6437518295172258
68,0.6437518295172258
69,0.6437518295172258
70,0.5327212452609378
71,1.2546515838563996
72,0.5327212452609378
73,0.5678792162138591
74,1.513013247092792
75,0.6437518295172258
76,1.322809168659063
77,0.5327212452609378
78,1.2546515838563996
79,1.322809168659063
80,3.5099777394833627
81,0.5
82,0.5678792162138591
83,0.7953026378037233
84,0.4702642400997623
85,2.000000000000001
86,0.6437518295172258
87,0.5
88,0.6437518295172258
89,0.6437518295172258
90,0.5
91,0.5327212452609378
92,1.322809168659063
93,1.946422880536943
94,0.6437518295172258
95,2.782639915494858
96,0.5678792162138591
97,0.6437518295172258
98,3.733357284805634
99,0.5678792162138591
100,0.5327212452609378
101,3.7694103736349005
102,0.6437518295172258
103,1.9328208826206765
104,0.5327212452609378
105,0.5327212452609378
106,1.3126693703021228
107,0.5678792162138591
108,0.6437518295172258
109,0.5851476093903931
110,0.5
111,0.5
112,0.8955348563197549
113,0.5
114,0.5327212452609378
115,0.6437518295172258
116,3.639174315315069
117,0.7445422164349564
118,0.5
119,3.639174315315069
120,0.8955348563197549
121,0.5327212452609378
122,1.6199214392765557
123,1.7546797939882008
124,0.7692248816793665
125,0.4999999999999998
126,2.433093545528174
127,3.4573858650591305
128,0.5327212452609378
129,3.740489534068427
130,0.7381011282837289
131,0.5
132,0.6437518295172258
133,0.6437518295172258
134,0.6437518295172258
135,0.6437518295172258
136,0.6437518295172258
137,0.6437518295172258
138,0.5327212452609378
139,4.417369907543517
140,0.5
141,0.5
142,0.5
143,0.5327212452609378
144,0.7953026378037233
145,0.6437518295172258
146,2.433093545528174
147,2.116022667724434
148,0.5
149,0.7381011282837289
150,0.6437518295172258
151,1.513013247092792
152,0.9999999999999989
153,0.5327212452609378
154,1.8349443543289334
155,1.9999999999999982
156,2.662335856535177
157,2.7716460627408144
158,0.6437518295172258
159,1.3702154399344577
160,0.6437518295172258
161,1.946422880536943
162,2.7716460627408144
163,1.8349443543289334
164,2.4904902449678366
165,2.116022667724434
166,2.722673829623707
167,0.5851476093903931
168,0.5851476093903931
169,2.000000000000001
170,2.000000000000001
171,1.946422880536943
172,2.662335856535177
173,2.000000000000001
174,0.6437518295172258
175,0.9932353156386882
176,2.000000000000001
177,2.433093545528174
178,1.3420747191612286
179,2.4904902449678366
180,2.4904902449678366
181,2.000000000000001
182,1.7934275915201372
183,2.3936451372328897
184,1.513013247092792
185,0.9932353156386882
186,2.116022667724434
187,0.9999999999999989
188,0.6437518295172258
189,2.2142651419146024
190,0.5678792162138591
191,0.5851476093903931
192,0.9999999999999989
193,0.9999999999999989
194,0.6437518295172258
195,2.000000000000001
196,1.2546515838563996
197,1.9999999999999982
198,1.9999999999999982
199,0.7381011282837289
200,2.116022667724434
201,1.946422880536943
202,0.9999999999999989
203,1.3811490264198323
204,0.5327212452609378
205,0.6437518295172258
206,1.946422880536943
207,0.6437518295172258
208,1.8349443543289334
209,2.000000000000001
210,2.18302649850362
211,2.4904902449678366
212,2.782639915494858
213,1.513013247092792
214,0.7381011282837289
215,0.6437518295172258
216,0.5327212452609378
217,0.9932353156386882
218,0.6437518295172258
219,0.6437518295172258
220,2.662335856535177
221,2.116022667724434
222,2.4904902449678366
223,0.9999999999999989
224,0.6437518295172258
225,3.258653695461077
226,1.1209601475280375
227,0.9932353156386882
228,1.9561320640669302
229,0.9999999999999989
230,0.6437518295172258
231,0.9999999999999998
232,1.2044530547610308
233,2.4904902449678366
234,0.6437518295172258
235,1.1209601475280375
236,0.7381011282837289
237,0.5000000000000002
238,0.5327212452609378
239,0.7692248816793665
240,2.662335856535177
241,2.4904902449678366
242,2.000000000000001
243,0.9932353156386882
244,0.5327212452609378
245,1.3702154399344577
246,0.9932353156386882
247,0.9999999999999989
248,0.6437518295172258
249,1.1792675720738588
250,2.4904902449678366
251,1.7546797939882008
252,0.5678792162138591
253,1.1209601475280375
254,2.116022667724434
255,1.513013247092792
256,0.7692248816793665
257,0.5851476093903931
258,1.946422880536943
259,0.6437518295172258
260,0.5851476093903931
261,0.6437518295172258
262,0.9932353156386882
263,0.6437518295172258
264,0.9932353156386882
265,0.5851476093903931
266,0.9932353156386882
267,0.9932353156386882
268,0.5327212452609378
269,0.5327212452609378
270,0.9999999999999989
271,0.6437518295172258
272,0.6437518295172258
273,0.9932353156386882
274,0.9932353156386882
275,1.8349443543289334
276,1.2044530547610308
277,0.9999999999999989
278,0.6437518295172258
279,0.7843303197363141
280,0.9932353156386882
281,1.3811490264198323
282,0.6437518295172258
283,1.9999999999999982
284,0.9999999999999998
285,3.3271648034436243
286,0.6437518295172258
287,1.078945373109541
288,1.4365037879496283
289,0.7381011282837289
290,0.6437518295172258
291,1.4365037879496283
292,0.5327212452609378
293,0.5327212452609378
294,0.5327212452609378
295,0.6437518295172258
296,0.5327212452609378
297,0.6437518295172258
298,0.6437518295172258
299,0.6437518295172258
300,0.6437518295172258
301,2.782639915494858
302,0.6437518295172258
303,0.5327212452609378
304,0.5
305,1.9561320640669302
306,0.6437518295172258
307,0.5327212452609378
308,0.7783151550630778
309,0.5851476093903931
310,0.7692248816793665
311,0.7692248816793665
312,0.7381011282837289
313,0.6437518295172258
314,0.9999999999999989
315,0.5851476093903931
316,0.5327212452609378
317,0.9999999999999989
318,1.2044530547610308
319,1.946422880536943
320,0.5851476093903931
321,0.6437518295172258
322,0.6437518295172258
323,0.5327212452609378
324,0.8710186370540076
325,0.5851476093903931
326,0.6437518295172258
327,0.6437518295172258
328,0.9999999999999989
329,0.6437518295172258
330,0.5851476093903931
331,0.5851476093903931
332,0.5851476093903931
333,0.5327212452609378
334,0.6437518295172258
335,0.6437518295172258
336,0.5327212452609378
337,0.5327212452609378
338,0.7381011282837289
339,1.078945373109541
340,0.5851476093903931
341,0.5851476093903931
342,0.5678792162138591
343,0.6437518295172258
344,0.6437518295172258
345,0.6437518295172258
346,0.6437518295172258
347,0.5327212452609378
348,0.5327212452609378
349,0.9932353156386882
350,0.5327212452609378
351,2.116022667724434
352,2.000000000000001
353,0.6437518295172258
354,0.5327212452609378
355,0.7381011282837289
356,0.9932353156386882
357,2.2657965284725425
358,0.5327212452609378
359,0.6437518295172258
360,0.5851476093903931
361,0.5851476093903931
362,0.7692248816793665
363,0.9999999999999989
364,0.5327212452609378
365,0.5327212452609378
366,0.6437518295172258
367,0.6437518295172258
368,0.7692248816793665
369,1.2044530547610308
370,0.7953026378037233
371,0.9932353156386882
372,0.6437518295172258
373,0.5678792162138591
374,0.6437518295172258
375,0.6437518295172258
376,0.6437518295172258
377,1.513013247092792
378,0.6437518295172258
379,0.5327212452609378
380,0.6437518295172258
381,0.7381011282837289
382,0.7381011282837289
383,0.6437518295172258
384,0.9999999999999989
385,0.6437518295172258
386,0.6437518295172258
387,0.6437518295172258
388,0.5851476093903931
389,0.5327212452609378
390,0.6437518295172258
391,0.6437518295172258
392,0.6437518295172258
393,1.3420747191612286
394,1.3420747191612286
395,0.5
396,0.7381011282837289
397,0.6437518295172258
398,0.5678792162138591
399,0.5327212452609378
400,0.5678792162138591
401,0.9932353156386882
402,0.5327212452609378
403,0.6437518295172258
404,0.5851476093903931
405,0.5851476093903931
406,0.6437518295172258
407,0.5327212452609378
408,1.4365037879496283
409,2.18302649850362
410,0.5327212452609378
411,1.2546515838563996
412,0.7692248816793665
413,0.5327212452609378
414,2.662335856535177
415,0.6437518295172258
416,0.6437518295172258
417,0.5327212452609378
418,0.5327212452609378
419,0.6437518295172258
420,0.6437518295172258
421,0.9999999999999989
422,0.6437518295172258
423,0.4999999999999998
424,1.4365037879496283
425,2.7716460627408144
426,2.2657965284725425
427,2.662335856535177
428,0.7381011282837289
429,1.4365037879496283
430,0.6437518295172258
431,0.6437518295172258
432,1.88233293514475
433,1.1209601475280375
434,1.7934275915201372
435,0.6437518295172258
436,0.5327212452609378
437,0.9932353156386882
438,0.5678792162138591
439,0.7692248816793665
440,1.156419184927318
441,1.946422880536943
442,0.6437518295172258
443,2.7716460627408144
444,0.4999999999999998
445,0.6437518295172258
446,0.6437518295172258
447,0.9999999999999989
448,0.9932353156386882
449,0.6437518295172258
450,0.6437518295172258
451,0.9932353156386882
452,0.9932353156386882
453,0.9999999999999998
454,0.9999999999999989
455,1.4365037879496283
456,1.4365037879496283
457,0.9999999999999998
458,1.1209601475280375
459,0.9932353156386882
460,1.3702154399344577
461,0.9932353156386882
462,0.5327212452609378
463,0.4999999999999998
464,0.9932353156386882
465,0.5851476093903931
466,0.7953026378037233
467,0.5851476093903931
468,0.5851476093903931
469,0.5327212452609378
470,0.5851476093903931
471,0.5327212452609378
472,0.5851476093903931
473,0.6437518295172258
474,0.7843303197363141
475,0.7381011282837289
476,0.5327212452609378
477,0.6437518295172258
478,0.7843303197363141
479,0.9932353156386882
480,0.5327212452609378
481,0.9999999999999989
482,1.3811490264198323
483,0.6437518295172258
484,1.3420747191612286
485,0.9999999999999989
486,0.5851476093903931
487,0.9932353156386882
488,2.116022667724434
489,2.116022667724434
490,1.3420747191612286
491,4.637862551491002
492,2.2142651419146024
493,2.18302649850362
494,0.5327212452609378
495,2.7716460627408144
496,0.7381011282837289
497,0.9999999999999989
498,0.6437518295172258
499,0.5327212452609378
500,0.6437518295172258
501,2.2657965284725425
502,1.6190228842857715
503,1.3702154399344577
504,1.513013247092792
505,0.9999999999999989
506,0.6437518295172258
507,0.9999999999999989
508,1.7546797939882008
509,2.662335856535177
510,0.5327212452609378
511,0.4702642400997623
512,0.5327212452609378
513,1.9943212911139168
514,2.000000000000001
515,0.5678792162138591
516,0.6437518295172258
517,0.5327212452609378
518,0.5000000000000002
519,0.5327212452609378
520,0.6437518295172258
521,0.7692248816793665
522,0.6437518295172258
523,1.263404802758609
524,0.7692248816793665
525,1.946422880536943
526,0.5327212452609378
527,0.6437518295172258
528,0.5851476093903931
529,0.6437518295172258
530,1.7546797939882008
531,0.6437518295172258
532,2.433093545528174
533,2.18302649850362
534,0.7381011282837289
535,0.9999999999999989
536,0.5851476093903931
537,1.2044530547610308
538,0.6437518295172258
539,1.078945373109541
540,2.18302649850362
541,2.2142651419146024
542,0.7381011282837289
543,0.5851476093903931
544,0.6437518295172258
545,0.6437518295172258
546,3.740489534068427
547,3.1857135965479886
548,0.7381011282837289
549,0.6437518295172258
550,0.6437518295172258
551,0.5851476093903931
552,0.6437518295172258
553,0.7692248816793665
554,0.6437518295172258
555,0.7692248816793665
556,0.6437518295172258
557,0.5851476093903931
558,0.4999999999999998
559,1.322809168659063
560,0.8955348563197549
561,1.9328208826206765
562,0.5327212452609378
563,1.1209601475280375
564,0.5327212452609378
565,0.7692248816793665
566,0.5678792162138591
567,0.7381011282837289
568,0.9932353156386882
569,0.5
570,0.5
571,0.5851476093903931
572,0.5
573,0.4999999999999998
574,0.5
575,0.5
576,0.5
577,0.5
578,0.6437518295172258
579,0.7692248816793665
580,0.5
581,0.5
582,0.7381011282837289
583,0.6437518295172258
584,0.5851476093903931
585,1.156419184927318
586,0.6437518295172258
587,0.5000000000000002
588,0.5
589,0.6437518295172258
590,0.48972690532260366
591,1.156419184927318
592,0.5
593,0.5
594,0.5
595,0.6437518295172258
596,0.5
597,0.5
598,0.5
599,0.5
600,0.5
601,0.5
602,0.5
603,0.5000000000000002
604,0.5851476093903931
605,0.6437518295172258
606,0.6437518295172258
607,0.6437518295172258
608,0.6437518295172258
609,0.5
610,0.5327212452609378
611,0.5678792162138591
612,0.5
613,0.6437518295172258
614,0.5327212452609378
615,0.5
616,0.6437518295172258
617,0.6437518295172258
618,0.6437518295172258
619,0.6437518295172258
620,0.5172726741633433
621,0.5327212452609378
622,0.4999999999999998
623,0.5
624,0.5
625,0.5
626,0.5
627,0.5
628,0.5
629,0.5
630,0.5
631,0.5000000000000002
632,0.5
633,0.4999999999999989
634,0.5
635,0.48972690532260366
636,0.5
637,0.7843303197363141
638,0.5
639,0.5
640,0.48972690532260366
641,0.5
642,0.5
643,0.5
644,0.5
645,0.5
646,0.5678792162138591
647,0.5
648,0.5
649,0.5
650,0.6437518295172258
651,0.6437518295172258
652,0.5678792162138591
653,0.6437518295172258
654,1.2980087941525902
655,0.4999999999999998
656,0.5327212452609378
657,0.6437518295172258
658,0.5
659,0.5
660,0.6437518295172258
661,0.5
662,0.5
663,0.4999999999999989
664,0.6437518295172258
665,0.5
666,0.6437518295172258
667,0.8955348563197549
668,0.5
669,0.5
670,0.6437518295172258
671,0.8955348563197549
672,0.5
673,0.5
674,0.5
675,0.5
676,0.5
677,0.5
678,0.5
679,0.5
680,0.5
681,0.5
682,0.5
683,0.5
684,0.5
685,0.5
686,0.5
687,0.5
688,0.5
689,0.5
690,0.6437518295172258
691,0.5
692,0.6437518295172258
693,0.6437518295172258
694,0.5
695,0.5
696,0.5
697,0.6437518295172258
698,0.5172726741633433
699,0.6437518295172258
700,0.6437518295172258
701,0.7381011282837289
702,0.7381011282837289
703,0.6437518295172258
704,0.6437518295172258
705,0.6437518295172258
706,0.6437518295172258
707,0.5
708,0.5
709,0.6437518295172258
710,0.6437518295172258
711,0.6437518295172258
712,0.5
713,0.7381011282837289
714,0.6437518295172258
715,0.5
716,1.3589431666016965
717,0.7381011282837289
718,0.8051231578152518
719,0.5
720,0.5
721,0.5
722,0.5678792162138591
723,0.6437518295172258
724,0.6437518295172258
725,1.183650361074002
726,0.6437518295172258
727,0.6437518295172258
728,0.5
729,0.5
730,0.7445422164349564
731,0.5
732,0.6437518295172258
733,0.5
734,0.5
735,0.5
736,1.3589431666016965
737,0.4999999999999989
738,0.5
739,0.5
740,0.5000000000000002
741,0.5
742,0.5
743,2.0844216508158815
744,0.6437518295172258
745,0.6437518295172258
746,0.7381011282837289
747,0.5
748,0.9734392958256881
749,0.5
750,0.5
751,0.5
752,0.5
753,0.5
754,0.5
755,0.5
756,0.5
757,0.5
758,0.5
759,0.6437518295172258
760,0.5
761,0.5
762,0.5
763,0.5
764,0.5
765,0.5
766,0.5
767,0.5
768,0.5
769,0.5
770,0.5851476093903931
771,0.6437518295172258
772,0.5
773,0.6437518295172258
774,0.6437518295172258
775,0.6437518295172258
776,0.6437518295172258
777,1.0
778,0.5
779,0.6437518295172258
780,0.6437518295172258
781,0.5
782,0.5
783,0.5
784,0.5
785,0.5678792162138591
786,0.5327212452609378
787,0.6437518295172258
788,2.722673829623707
789,0.5172726741633433
790,0.7783151550630778
791,0.5
792,0.5
793,0.5
794,0.6437518295172258
795,0.6437518295172258
796,0.5000000000000002
797,0.5
798,0.5
799,0.7381011282837289
800,0.6437518295172258
801,0.5
802,0.5851476093903931
803,0.5
804,2.0455901185054994
805,0.5
806,0.5
807,0.6437518295172258
808,0.6437518295172258
809,0.5
810,1.322809168659063
811,0.5
812,0.6437518295172258
813,0.5
814,0.4999999999999989
815,0.5
816,0.6437518295172258
817,0.5
818,0.5851476093903931
819,0.5
820,0.5
821,0.5
822,0.7381011282837289
823,0.7381011282837289
824,0.5
825,0.5
826,0.5
827,0.5
828,0.5
829,0.4999999999999998
830,0.5
831,0.6437518295172258
832,0.5678792162138591
833,0.6437518295172258
834,0.5
835,0.5
836,0.5
837,0.5
838,0.5
839,0.5
840,0.5
841,0.5
842,0.6437518295172258
843,0.5
844,0.5851476093903931
845,0.5
846,0.5
847,0.5
848,0.5
849,0.5
850,0.5
851,0.4999999999999998
852,0.5851476093903931
853,0.5
854,0.5
855,0.5
856,0.5
857,0.5
858,0.5
859,0.5
860,0.5
861,0.4999999999999989
862,0.5164186410564522
863,0.6437518295172258
864,0.5
865,0.4999999999999998
866,0.5
867,0.5
868,0.5
869,0.5
870,0.5
871,0.5
872,0.6437518295172258
873,0.6437518295172258
874,0.6437518295172258
875,0.4999999999999998
876,0.7381011282837289
877,0.5
878,0.7692248816793665
879,0.4999999999999998
880,0.5678792162138591
881,0.6437518295172258
882,0.6437518295172258
883,0.6437518295172258
884,0.5678792162138591
885,0.5
886,0.5678792162138591
887,0.5
888,0.6437518295172258
889,0.5
890,0.6437518295172258
891,0.6437518295172258
892,0.6437518295172258
893,0.7381011282837289
894,0.7381011282837289
895,0.5
896,0.5678792162138591
897,0.6437518295172258
898,0.8570270227155192
899,0.5678792162138591
900,0.6437518295172258
901,0.5
902,0.5
903,0.5
904,0.5
905,0.5
906,0.5
907,0.7381011282837289
908,0.7381011282837289
909,0.5678792162138591
910,0.4702642400997623
911,0.5
912,1.163148266655027
913,0.5
914,0.5
915,0.5
916,0.5
917,0.5327212452609378
918,0.6437518295172258
919,0.5678792162138591
920,0.5
921,0.5
922,0.5851476093903931
923,0.6437518295172258
924,0.6437518295172258
925,0.6437518295172258
926,0.5851476093903931
927,0.6437518295172258
928,0.4999999999999998
929,0.6437518295172258
930,0.5
931,0.5
932,0.5678792162138591
933,0.5
934,0.5
935,0.6437518295172258
936,0.6437518295172258
937,0.5
938,0.6437518295172258
939,0.5
940,0.5
941,0.5
942,0.5
943,0.5
944,0.5
945,0.5
946,0.5851476093903931
947,0.6437518295172258
948,0.6437518295172258
949,0.6437518295172258
950,0.6437518295172258
951,0.5851476093903931
952,0.5
953,0.5851476093903931
954,0.5
955,0.5
956,0.5
957,0.5
958,0.6437518295172258
959,0.5
960,0.5
961,0.5
962,0.5678792162138591
963,0.6437518295172258
964,0.6437518295172258
965,0.5
966,0.5
967,0.5
968,0.5
969,0.5
970,0.5
971,0.4702642400997623
972,0.5
973,0.5
974,0.5
975,0.6437518295172258
976,0.5
977,0.6437518295172258
978,0.5
979,0.5
980,0.5
981,1.6190228842857715
982,0.5
983,0.7843303197363141
984,0.5
985,0.5851476093903931
986,0.5
987,1.946422880536943
988,0.5
989,0.5
990,0.5
991,0.5172726741633433
992,0.5
993,0.5
994,0.5
995,0.6437518295172258
996,0.6437518295172258
997,0.5
998,0.9932353156386882
999,0.5327212452609378
1000,0.5
1001,0.5
1002,0.5
1003,0.5
1004,0.5
1005,0.5
1006,0.5851476093903931
1007,0.6437518295172258
1008,1.078945373109541
1009,0.5
1010,0.6437518295172258
1011,0.6437518295172258
1012,0.6437518295172258
1013,0.5
1014,0.5
1015,0.5000000000000002
1016,0.6437518295172258
1017,0.6437518295172258
1018,0.5
1019,0.5
1020,0.6437518295172258
1021,0.5
1022,0.5
1023,0.6437518295172258
1024,0.6437518295172258
1025,0.5678792162138591
1026,0.6437518295172258
1027,0.6437518295172258
1028,0.5678792162138591
1029,0.6437518295172258
1030,0.6437518295172258
1031,0.6437518295172258
1032,0.6437518295172258
1033,0.6437518295172258
1034,0.7381011282837289
1035,0.5
1036,0.6437518295172258
1037,0.5
1038,0.5
1039,0.6437518295172258
1040,0.5
1041,0.6437518295172258
1042,0.5327212452609378
1043,0.6437518295172258
1044,0.4999999999999998
1045,0.6437518295172258
1046,0.5327212452609378
1047,0.5
1048,0.5
1049,0.6437518295172258
1050,0.5
1051,0.5172726741633433
1052,2.0756997730999265
1053,0.6437518295172258
1054,0.5678792162138591
1055,0.6437518295172258
1056,0.5
1057,0.6437518295172258
1058,0.7783151550630778
1059,0.5
1060,0.6437518295172258
1061,0.6437518295172258
1062,0.6437518295172258
1063,0.8955348563197549
1064,0.7381011282837289
1065,0.5851476093903931
1066,0.6437518295172258
1067,0.5678792162138591
1068,0.6437518295172258
1069,0.5
1070,0.6437518295172258
1071,0.6437518295172258
1072,0.5
1073,0.6437518295172258
1074,0.6437518295172258
1075,0.6437518295172258
1076,0.5678792162138591
1077,0.6437518295172258
1078,0.6437518295172258
1079,0.5327212452609378
1080,0.5851476093903931
1081,0.5851476093903931
1082,0.5
1083,0.5
1084,0.5
1085,0.5
1086,0.6437518295172258
1087,0.7381011282837289
1088,0.5678792162138591
1089,0.6437518295172258
1090,0.5
1091,0.5
1092,0.5
1093,0.6437518295172258
1094,0.5678792162138591
1095,0.6437518295172258
1096,0.8955348563197549
1097,0.5
1098,0.5678792162138591
1099,0.5
1100,0.6437518295172258
1101,0.8570270227155192
1102,0.6437518295172258
1103,0.5
1104,0.6437518295172258
1105,0.6437518295172258
1106,0.5
1107,0.5851476093903931
1108,0.6437518295172258
1109,0.6437518295172258
1110,0.5
1111,0.7381011282837289
1112,0.6437518295172258
1113,0.5
1114,0.5
1115,0.8955348563197549
1116,0.4999999999999998
1117,0.6437518295172258
1118,0.5
1119,0.5
1120,0.5
1121,0.5
1122,0.5
1123,0.6437518295172258
1124,0.5327212452609378
1125,0.5172726741633433
1126,0.6437518295172258
1127,0.6437518295172258
1128,0.6437518295172258
1129,0.5678792162138591
1130,0.6437518295172258
1131,0.5
1132,0.5
1133,0.5678792162138591
1134,0.5
1135,0.5
1136,0.5
1137,0.5
1138,0.5
1139,1.4365037879496283
1140,0.5678792162138591
1141,0.5
1142,0.5
1143,0.5
1144,0.5
1145,0.9734392958256881
1146,0.4702642400997623
1147,0.5
1148,0.6437518295172258
1149,0.6437518295172258
1150,0.5
1151,0.5678792162138591
1152,0.6437518295172258
1153,0.5678792162138591
1154,0.6437518295172258
1155,1.4365037879496283
1156,0.5172726741633433
1157,0.5
1158,0.5
1159,0.5
1160,0.6437518295172258
1161,0.6437518295172258
1162,0.7381011282837289
1163,0.7381011282837289
1164,0.6437518295172258
1165,0.6437518295172258
1166,0.6437518295172258
1167,3.280648850493521
1168,0.6437518295172258
1169,0.6437518295172258
1170,0.5
1171,0.7843303197363141
1172,0.6437518295172258
1173,1.078945373109541
1174,0.5
1175,0.5
1176,0.5678792162138591
1177,0.6437518295172258
1178,0.6437518295172258
1179,0.6437518295172258
1180,0.9932353156386882
1181,0.6437518295172258
1182,0.5
1183,0.7381011282837289
1184,1.28877657871675
1185,0.5
1186,0.5678792162138591
1187,0.6437518295172258
1188,2.0000000000000004
1189,0.5
1190,0.5
1191,0.5
1192,0.5
1193,0.5
1194,0.6437518295172258
1195,0.5851476093903931
1196,0.5
1197,0.5
1198,0.7381011282837289
1199,0.5
1200,0.6437518295172258
1201,0.7381011282837289
1202,0.5
1203,0.5
1204,0.5
1205,0.4999999999999998
1206,0.5327212452609378
1207,0.7381011282837289
1208,0.5
1209,0.5678792162138591
1210,0.5
1211,0.5
1212,0.6437518295172258
1213,0.6437518295172258
1214,0.6437518295172258
1215,0.5
1216,0.5
1217,0.6437518295172258
1218,0.5
1219,1.513013247092792
1220,0.6437518295172258
1221,0.6437518295172258
1222,0.6437518295172258
1223,0.5
1224,0.6437518295172258
1225,0.5
1226,0.5
1227,0.6437518295172258
1228,0.6437518295172258
1229,0.5
1230,0.5327212452609378
1231,0.5
1232,0.5
1233,0.5
1234,0.4999999999999998
1235,0.5
1236,0.5
1237,0.5
1238,0.6437518295172258
1239,0.6437518295172258
1240,0.5
1241,0.5
1242,0.5
1243,0.5
1244,0.5
1245,0.6437518295172258
1246,0.5678792162138591
1247,0.5678792162138591
1248,0.5
1249,0.6437518295172258
1250,0.5
1251,0.5
1252,0.5
1253,0.5
1254,0.5
1255,0.5
1256,0.5
1257,0.5
1258,0.6437518295172258
1259,0.5
1260,0.5
1261,0.5
1262,0.5
1263,0.5
1264,0.5
1265,0.5
1266,0.5
1267,0.5
1268,0.5
1269,0.5
1270,0.5
1271,0.5
1272,0.5
1273,0.5
1274,0.5
1275,0.5
1276,0.5678792162138591
1277,0.6437518295172258
1278,0.5
1279,0.5
1280,0.5
1281,0.5
1282,0.5
1283,0.5
1284,0.5
1285,0.5
1286,0.5
1287,0.5
1288,0.5
1289,1.3126693703021228
1290,0.6437518295172258
1291,0.5
1292,0.5
1293,0.6437518295172258
1294,0.7783151550630778
1295,0.5
1296,0.5
1297,0.5
1298,0.5
1299,0.5
1300,1.322809168659063
1301,0.5
1302,0.5
1303,2.662335856535177
1304,0.5
1305,0.5
1306,0.5
1307,0.6437518295172258
1308,0.5
1309,0.5
1310,0.6437518295172258
1311,1.6190228842857715
1312,0.7843303197363141
1313,0.6437518295172258
1314,0.6437518295172258
1315,0.5678792162138591
1316,0.6437518295172258
1317,0.6437518295172258
1318,0.6437518295172258
1319,0.6437518295172258
1320,0.6437518295172258
1321,0.5327212452609378
1322,0.5
1323,0.5
1324,0.5
1325,0.5
1326,0.5
1327,0.5851476093903931
1328,0.5
1329,0.5
1330,0.5
1331,0.5
1332,0.5
1333,0.5
1334,1.3589431666016965
1335,0.5
1336,0.5
1337,1.0
1338,1.3126693703021228
1339,0.5
1340,0.5
1341,0.6437518295172258
1342,1.4365037879496283
1343,0.6437518295172258
1344,0.5
1345,0.5
1346,0.5
1347,0.6437518295172258
1348,0.6437518295172258
1349,0.6437518295172258
1350,0.6437518295172258
1351,0.6437518295172258
1352,0.5678792162138591
1353,0.6437518295172258
1354,0.5327212452609378
1355,0.6437518295172258
1356,0.7381011282837289
1357,0.6437518295172258
1358,0.6437518295172258
1359,0.6437518295172258
1360,0.5
1361,0.5
1362,1.078945373109541
1363,1.3589431666016965
1364,0.5678792162138591
1365,0.5
1366,0.5
1367,1.513013247092792
1368,0.5
1369,0.6437518295172258
1370,0.5851476093903931
1371,0.6437518295172258
1372,0.5
1373,0.5
1374,1.322809168659063
1375,1.0
1376,0.5
1377,3.481404746557165
1378,0.5
1379,0.6437518295172258
1380,0.6437518295172258
1381,0.5
1382,0.5172726741633433
1383,0.5
1384,0.5
1385,1.078945373109541
1386,0.4702642400997623
1387,0.5
1388,0.5
1389,0.5
1390,0.5
1391,0.6437518295172258
1392,0.6437518295172258
1393,0.5
1394,0.6437518295172258
1395,0.6437518295172258
1396,0.6437518295172258
1397,0.5
1398,0.5
1399,0.5
1400,0.6437518295172258
1401,0.6437518295172258
1402,0.5
1403,0.5
1404,0.6437518295172258
1405,0.5678792162138591
1406,0.7381011282837289
1407,0.6437518295172258
1408,0.6437518295172258
1409,0.5
1410,0.5
1411,0.5
1412,0.5
1413,0.5
1414,1.6199214392765557
1415,0.5
1416,0.5
1417,0.5
1418,0.5
1419,0.5678792162138591
1420,0.5678792162138591
1421,0.5
1422,0.5
1423,0.5
1424,0.7783151550630778
1425,0.5
1426,0.5
1427,0.5
1428,0.5
1429,0.5
1430,0.5172726741633433
1431,0.5
1432,0.5
1433,0.5
1434,0.5
1435,0.5
1436,0.5
1437,0.5678792162138591
1438,0.6437518295172258
1439,0.6437518295172258
1440,0.6437518295172258
1441,0.5
1442,0.5
1443,0.6437518295172258
1444,0.6437518295172258
1445,0.6437518295172258
1446,0.6437518295172258
1447,0.5678792162138591
1448,0.6437518295172258
1449,0.6437518295172258
1450,0.5
1451,0.5
1452,0.6437518295172258
1453,0.5
1454,0.5
1455,0.6437518295172258
1456,0.6437518295172258
1457,0.5
1458,0.5
1459,0.5
1460,0.6437518295172258
1461,0.5851476093903931
1462,0.5851476093903931
1463,0.6437518295172258
1464,0.6437518295172258
1465,0.6437518295172258
1466,0.5
1467,0.5
1468,0.5
1469,0.6437518295172258
1470,0.6437518295172258
1471,0.7381011282837289
1472,0.5678792162138591
1473,0.5
1474,0.6437518295172258
1475,0.6437518295172258
1476,0.6437518295172258
1477,0.5
1478,0.7381011282837289
1479,0.5
1480,0.5
1481,0.5
1482,0.5
1483,0.5
1484,0.5
1485,0.5
1486,0.5
1487,0.6437518295172258
1488,0.5
1489,0.6437518295172258
1490,0.5851476093903931
1491,0.5
1492,0.7692248816793665
1493,0.5
1494,0.5
1495,0.5851476093903931
1496,0.5
1497,0.4999999999999998
1498,0.7381011282837289
1499,0.5678792162138591
1500,0.6437518295172258
1501,0.6437518295172258
1502,0.7381011282837289
1503,0.6437518295172258
1504,0.5
1505,0.5
1506,0.5
1507,0.5
1508,0.5
1509,0.5
1510,0.5
1511,0.5
1512,0.5
1513,0.5
1514,0.5
1515,0.4999999999999998
1516,0.6437518295172258
1517,1.322809168659063
1518,0.4999999999999998
1519,0.5
1520,0.4999999999999989
1521,0.6437518295172258
1522,0.4999999999999998
1523,0.5
1524,0.4702642400997623
1525,0.5
1526,0.5327212452609378
1527,0.5
1528,0.5
1529,0.5
1530,0.5
1531,0.7381011282837289
1532,0.5
1533,0.48972690532260366
1534,0.6437518295172258
1535,0.6437518295172258
1536,0.5
1537,0.4999999999999989
1538,0.5
1539,0.5
1540,0.5
1541,0.6437518295172258
1542,0.5
1543,0.5678792162138591
1544,0.8955348563197549
1545,0.6437518295172258
1546,0.5678792162138591
1547,0.6437518295172258
1548,2.411716102242548
1549,0.5
1550,0.5
1551,0.6437518295172258
1552,0.5
1553,0.5
1554,0.6437518295172258
1555,0.5000000000000002
1556,0.5327212452609378
1557,0.5
1558,0.5
1559,0.5
1560,0.5
1561,0.5
1562,0.5
1563,0.5
1564,0.5
1565,0.5
1566,2.4904902449678366
1567,0.5851476093903931
1568,0.5000000000000002
1569,0.5678792162138591
1570,1.6199214392765557
1571,0.5
1572,0.5
1573,0.5
1574,0.6437518295172258
1575,0.6437518295172258
1576,0.5
1577,0.6437518295172258
1578,0.5
1579,0.5
1580,0.4999999999999989
1581,0.5
1582,0.5
1583,0.5
1584,0.5
1585,0.5
1586,0.5
1587,0.5
1588,0.5
1589,0.5
1590,0.5
1591,0.5
1592,0.5
1593,0.5
1594,0.5
1595,0.5
1596,0.5
1597,0.5
1598,0.5
1599,0.5
1600,0.6437518295172258
1601,0.6437518295172258
1602,0.5
1603,0.5
1604,0.5
1605,0.5
1606,0.5
1607,0.6437518295172258
1608,0.6437518295172258
1609,1.163148266655027
1610,0.5
1611,0.5
1612,1.3589431666016965
1613,0.5
1614,0.5
1615,0.5
1616,1.0
1617,0.5
1618,0.5
1619,0.5851476093903931
1620,0.6437518295172258
1621,0.5
1622,0.5
1623,0.5172726741633433
1624,0.5
1625,0.5
1626,0.5
1627,0.5678792162138591
1628,1.9328208826206765
1629,0.6437518295172258
1630,0.4702642400997623
1631,0.5678792162138591
1632,0.5
1633,0.5
1634,0.5
1635,0.6437518295172258
1636,0.4999999999999989
1637,0.5
1638,0.48972690532260366
1639,0.6437518295172258
1640,0.5678792162138591
1641,0.5
1642,0.5
1643,0.5
1644,0.5
1645,0.7692248816793665
1646,0.5
1647,1.9561320640669302
1648,0.5
1649,0.5678792162138591
1650,0.5678792162138591
1651,0.6437518295172258
1652,0.6437518295172258
1653,0.6437518295172258
1654,0.5
1655,0.6437518295172258
1656,0.7381011282837289
1657,0.6437518295172258
1658,0.5
1659,0.5
1660,0.5172726741633433
1661,0.5
1662,0.5
1663,0.5
1664,0.5
1665,0.48972690532260366
1666,0.5
1667,0.5
1668,0.5
1669,0.5
1670,0.5
1671,0.5
1672,0.5
1673,0.5
1674,0.5
1675,0.5
1676,0.5
1677,0.5
1678,0.6437518295172258
1679,0.5
1680,0.5
1681,0.4999999999999989
1682,0.5
1683,0.5
1684,0.5
1685,0.5
1686,0.4999999999999998
1687,0.5
1688,0.6437518295172258
1689,0.5851476093903931
1690,0.5
1691,0.5
1692,0.5
1693,0.5
1694,0.5
1695,0.5
1696,0.5
1697,0.5
1698,0.5
1699,0.5
1700,0.5
1701,0.5
1702,0.5
1703,0.48972690532260366
1704,0.5
1705,0.5
1706,0.5
1707,0.48972690532260366
1708,0.5
1709,0.5
1710,0.7381011282837289
1711,0.5678792162138591
1712,0.5
1713,0.5
1714,0.5
1715,0.5
1716,0.5
1717,0.5
1718,0.5
1719,0.5
1720,0.5
1721,0.5
1722,0.5
1723,0.5
1724,0.5
1725,0.5
1726,0.5
1727,0.5
1728,0.5
1729,0.5
1730,0.5
1731,0.5
1732,0.6437518295172258
1733,2.18302649850362
1734,0.4999999999999998
1735,0.5
1736,0.5
1737,0.5
1738,0.4999999999999998
1739,0.5
1740,0.5
1741,0.6437518295172258
1742,0.5
1743,0.5
1744,0.5
1745,0.4999999999999998
1746,0.6437518295172258
1747,0.6437518295172258
1748,0.6437518295172258
1749,0.6437518295172258
1750,0.5
1751,0.5
1752,0.5
1753,0.5
1754,0.6437518295172258
1755,0.6437518295172258
1756,0.5
1757,0.6437518295172258
1758,0.5678792162138591
1759,0.6437518295172258
1760,0.5
1761,1.513013247092792
1762,0.6437518295172258
1763,0.5
1764,0.4999999999999998
1765,0.6437518295172258
1766,0.6437518295172258
1767,0.6437518295172258
1768,0.7381011282837289
1769,0.6437518295172258
1770,0.5
1771,0.6437518295172258
1772,0.5
1773,0.5
1774,0.5
1775,0.6437518295172258
1776,0.6437518295172258
1777,0.5
1778,0.8051231578152518
1779,0.5
1780,0.5
1781,0.5000000000000002
1782,0.5
1783,0.5
1784,0.5172726741633433
1785,1.322809168659063
1786,0.5
1787,0.5
1788,0.6437518295172258
1789,0.6437518295172258
1790,0.6437518295172258
1791,0.6437518295172258
1792,0.7381011282837289
1793,0.6437518295172258
1794,0.6437518295172258
1795,0.5678792162138591
1796,0.6437518295172258
1797,0.4999999999999998
1798,0.5
1799,0.5
1800,0.6437518295172258
1801,0.5
1802,0.5
1803,0.7843303197363141
1804,0.7692248816793665
1805,0.5851476093903931
1806,0.5
1807,0.6437518295172258
1808,0.5
1809,0.6437518295172258
1810,0.6437518295172258
1811,0.5
1812,0.5
1813,0.6437518295172258
1814,1.078945373109541
1815,0.6437518295172258
1816,0.6437518295172258
1817,0.6437518295172258
1818,0.4999999999999998
1819,0.5
1820,0.5
1821,0.5
1822,0.5172726741633433
1823,0.5
1824,0.6437518295172258
1825,0.6437518295172258
1826,0.5
1827,0.6437518295172258
1828,0.6437518295172258
1829,0.5851476093903931
1830,0.6437518295172258
1831,0.6437518295172258
1832,0.5678792162138591
1833,0.6437518295172258
1834,0.5
1835,0.5
1836,0.6437518295172258
1837,0.5678792162138591
1838,0.6437518295172258
1839,0.6437518295172258
1840,0.6437518295172258
1841,0.5
1842,0.5
1843,0.5
1844,1.0
1845,0.5
1846,0.5
1847,0.5
1848,0.5
1849,0.5
1850,0.6437518295172258
1851,0.5
1852,0.5
1853,0.6437518295172258
1854,0.5678792162138591
1855,2.116022667724434
1856,0.6437518295172258
1857,0.6437518295172258
1858,0.5678792162138591
1859,0.5678792162138591
1860,0.6437518295172258
1861,0.6437518295172258
1862,0.6437518295172258
1863,0.6437518295172258
1864,0.7381011282837289
1865,0.5851476093903931
1866,0.5851476093903931
1867,0.5678792162138591
1868,0.6437518295172258
1869,0.7381011282837289
1870,0.6437518295172258
1871,0.5
1872,0.5
1873,0.5
1874,0.5
1875,0.5
1876,0.5
1877,0.5
1878,0.5
1879,0.5
1880,0.5
1881,0.5
1882,0.5
1883,0.6437518295172258
1884,0.6437518295172258
1885,0.5
1886,0.7381011282837289
1887,0.5
1888,0.6437518295172258
1889,0.5
1890,0.5
1891,0.4702642400997623
1892,0.5
1893,0.6437518295172258
1894,0.5678792162138591
1895,0.6437518295172258
1896,0.6437518295172258
1897,0.6437518295172258
1898,0.5851476093903931
1899,0.5678792162138591
1900,0.5
1901,0.5678792162138591
1902,0.5
1903,0.6437518295172258
1904,0.5
1905,0.5
1906,0.5
1907,0.6437518295172258
1908,0.6437518295172258
1909,0.6437518295172258
1910,0.5
1911,0.5678792162138591
1912,0.6437518295172258
1913,0.5
1914,0.6437518295172258
1915,0.5
1916,0.5
1917,0.5
1918,0.5
1919,0.5
1920,0.5
1921,0.5
1922,0.5
1923,0.5
1924,0.6437518295172258
1925,0.6437518295172258
1926,0.6437518295172258
1927,0.5851476093903931
1928,0.6437518295172258
1929,0.6437518295172258
1930,0.6437518295172258
1931,0.7381011282837289
1932,0.6437518295172258
1933,0.5
1934,0.5
1935,0.5
1936,0.5
1937,0.5
1938,0.5
1939,0.4999999999999998
1940,0.5
1941,0.5678792162138591
1942,0.5
1943,0.7381011282837289
1944,0.5
1945,0.5
1946,0.5
1947,0.5
1948,0.5
1949,0.6437518295172258
1950,0.5
1951,0.5
1952,0.7381011282837289
1953,0.6437518295172258
1954,0.6437518295172258
1955,0.6437518295172258
1956,0.6437518295172258
1957,0.5851476093903931
1958,0.6437518295172258
1959,0.5
1960,0.6437518295172258
1961,0.6437518295172258
1962,0.6437518295172258
1963,0.5
1964,0.5
1965,0.6437518295172258
1966,0.4999999999999998
1967,0.5172726741633433
1968,0.5
1969,0.5
1970,0.5678792162138591
1971,0.6437518295172258
1972,0.5
1973,0.4999999999999998
1974,0.5
1975,0.6437518295172258
1976,0.6437518295172258
1977,0.6437518295172258
1978,0.6437518295172258
1979,0.6437518295172258
1980,0.6437518295172258
1981,0.6437518295172258
1982,0.5
1983,0.5
1984,0.5
1985,0.6437518295172258
1986,0.4999999999999998
1987,0.6437518295172258
1988,0.5
1989,0.6437518295172258
1990,0.4999999999999998
1991,0.5
1992,0.5
1993,0.5678792162138591
1994,0.5678792162138591
1995,0.5678792162138591
1996,0.6437518295172258
1997,0.5
1998,0.6437518295172258
1999,0.6437518295172258
2000,0.6437518295172258
2001,0.6437518295172258
2002,0.7692248816793665
2003,0.6437518295172258
2004,0.6437518295172258
2005,0.5
2006,0.6437518295172258
2007,0.7381011282837289
2008,0.5
2009,0.5
2010,0.5
2011,0.5
2012,0.6437518295172258
2013,0.6437518295172258
2014,0.5
2015,0.6437518295172258
2016,0.6437518295172258
2017,0.48972690532260366
2018,0.5
2019,0.5
2020,0.7381011282837289
2021,0.5
2022,0.6437518295172258
2023,0.5
2024,0.5
2025,0.5
2026,0.5
2027,0.4999999999999998
2028,0.5
2029,0.5
2030,0.5
2031,0.5
2032,0.5
2033,0.5
2034,0.7381011282837289
2035,0.5678792162138591
2036,0.6437518295172258
2037,0.6437518295172258
2038,0.5678792162138591
2039,0.6437518295172258
2040,0.6437518295172258
2041,0.6437518295172258
2042,0.6437518295172258
2043,0.5678792162138591
2044,0.6437518295172258
2045,0.5
2046,0.6437518295172258
2047,0.6437518295172258
2048,0.5
2049,0.5
2050,0.5
2051,0.5
2052,0.6437518295172258
2053,0.5
2054,0.5
2055,1.9328208826206765
2056,0.5
2057,0.48972690532260366
2058,0.6437518295172258
2059,0.5327212452609378
2060,0.6437518295172258
2061,0.5
2062,0.5
2063,0.5
2064,0.5
2065,0.6437518295172258
2066,0.5
2067,0.6437518295172258
2068,0.6437518295172258
2069,0.6437518295172258
2070,0.6437518295172258
2071,0.5
2072,0.5
2073,0.7843303197363141
2074,0.6437518295172258
2075,0.5
2076,0.5
2077,0.6437518295172258
2078,0.5
2079,0.6437518295172258
2080,0.5327212452609378
2081,0.5
2082,0.5
2083,0.6437518295172258
2084,0.5172726741633433
2085,0.4999999999999998
2086,0.6437518295172258
2087,0.6437518295172258
2088,0.6437518295172258
2089,0.5
2090,0.4702642400997623
2091,0.5
2092,0.6437518295172258
2093,0.6437518295172258
2094,0.5
2095,0.5
2096,0.6437518295172258
2097,0.6437518295172258
2098,0.5678792162138591
2099,0.5327212452609378
2100,0.6437518295172258
2101,0.7381011282837289
2102,0.5
2103,1.322809168659063
2104,0.5172726741633433
2105,0.5678792162138591
2106,0.5678792162138591
2107,0.6437518295172258
2108,0.6437518295172258
2109,0.6437518295172258
2110,0.5
2111,0.6437518295172258
2112,0.5
2113,0.4702642400997623
2114,0.5
2115,0.4999999999999998
2116,0.5
2117,0.5
2118,0.5
2119,0.5
2120,0.5327212452609378
2121,0.5851476093903931
2122,0.5
2123,0.5
2124,0.5
2125,0.5172726741633433
2126,0.5
2127,0.5
2128,0.5
2129,0.5
2130,0.6437518295172258
2131,0.5
2132,0.5678792162138591
2133,0.5
2134,0.5
2135,0.5000000000000002
2136,0.5
2137,0.7692248816793665
2138,0.5
2139,0.5
2140,0.6437518295172258
2141,0.5
2142,0.6437518295172258
2143,0.5
2144,0.5
2145,0.5
2146,0.5
2147,0.5
2148,0.5
2149,0.5
2150,0.5
2151,0.4702642400997623
2152,0.5
2153,0.5
2154,0.5
2155,0.5
2156,0.5
2157,0.5
2158,0.5
2159,0.5
2160,0.5
2161,0.5
2162,3.258653695461077
2163,0.5
2164,0.5
2165,0.5
2166,0.7843303197363141
2167,0.5
2168,0.5
2169,0.4999999999999998
2170,0.5
2171,0.36525234466880874
2172,4.133192358364697
2173,0.5
2174,0.5
2175,0.6437518295172258
2176,0.5
2177,0.6437518295172258
2178,0.6437518295172258
2179,0.6437518295172258
2180,0.6437518295172258
2181,0.5
2182,0.4999999999999998
2183,0.5
2184,0.5
2185,0.5
2186,0.5
2187,0.5
2188,0.6437518295172258
2189,0.5
2190,0.5
2191,0.5
2192,0.5172726741633433
2193,0.5
2194,0.5
2195,0.5
2196,0.5
2197,0.8051231578152518
2198,0.5
2199,1.1792675720738588
2200,0.5
2201,0.6437518295172258
2202,1.078945373109541
2203,0.7692248816793665
2204,0.5
2205,0.5
2206,0.5
2207,0.7843303197363141
2208,0.4702642400997623
2209,0.5
2210,0.4999999999999998
2211,0.5
2212,0.5
2213,0.4702642400997623
2214,0.5
2215,0.5
2216,0.5
2217,0.5
2218,0.5
2219,0.4999999999999998
2220,0.5
2221,0.5
2222,0.5
2223,0.6437518295172258
2224,0.7381011282837289
2225,0.5678792162138591
2226,0.6437518295172258
2227,0.6437518295172258
2228,0.6437518295172258
2229,0.5678792162138591
2230,0.5
2231,0.5
2232,0.5
2233,0.4999999999999998
2234,0.5
2235,0.5
2236,0.6437518295172258
2237,0.5851476093903931
2238,0.7381011282837289
2239,0.5
2240,0.5
2241,1.946422880536943
2242,1.6190228842857715
2243,0.7445422164349564
2244,0.5
2245,0.5
2246,0.6437518295172258
2247,0.6437518295172258
2248,0.6437518295172258
2249,0.4702642400997623
2250,0.6437518295172258
2251,0.7381011282837289
2252,0.5
2253,0.6437518295172258
2254,0.5678792162138591
2255,0.6437518295172258
2256,0.6437518295172258
2257,0.6437518295172258
2258,0.6437518295172258
2259,0.5
2260,0.5
2261,0.5
2262,0.4702642400997623
2263,0.5
2264,0.5
2265,0.5
2266,0.5
2267,0.4999999999999998
2268,0.5
2269,0.5
2270,0.5
2271,0.5
2272,0.5
2273,0.5
2274,0.5
2275,0.6437518295172258
2276,0.5
2277,0.5
2278,0.5
2279,0.5000000000000002
2280,0.5
2281,0.6437518295172258
2282,0.6437518295172258
2283,0.6437518295172258
2284,0.6437518295172258
2285,0.5
2286,0.6437518295172258
2287,0.7381011282837289
2288,0.7381011282837289
2289,0.6437518295172258
2290,0.6437518295172258
2291,0.6437518295172258
2292,0.6437518295172258
2293,0.5
2294,0.5
2295,0.5
2296,0.5678792162138591
2297,0.5
2298,0.5
2299,0.6437518295172258
2300,0.5
2301,0.6437518295172258
2302,0.6437518295172258
2303,0.5
2304,0.5
2305,0.4999999999999989
2306,0.5
2307,0.5
2308,0.5
2309,0.5327212452609378
2310,0.5
2311,0.6437518295172258
2312,0.5
2313,0.6437518295172258
2314,0.5
2315,0.5
2316,0.5
2317,0.5
2318,0.5
2319,0.4999999999999989
2320,0.7381011282837289
2321,0.5
2322,0.5
2323,0.5
2324,0.5
2325,0.5
2326,0.5
2327,0.6437518295172258
2328,0.6437518295172258
2329,0.5678792162138591
2330,0.6437518295172258
2331,0.5
2332,0.5
2333,0.5
2334,0.5
2335,0.5000000000000002
2336,0.5
2337,0.5
2338,0.5
2339,0.5
2340,0.5
2341,0.5
2342,0.5
2343,0.5
2344,0.6437518295172258
2345,0.5
2346,0.5
2347,0.5
2348,0.5
2349,0.5
2350,0.5678792162138591
2351,0.5
2352,0.6437518295172258
2353,0.5
2354,0.5
2355,0.4702642400997623
2356,0.7381011282837289
2357,0.6437518295172258
2358,0.5
2359,0.5678792162138591
2360,0.5327212452609378
2361,0.8710186370540076
2362,0.5
2363,0.5
2364,0.5
2365,0.5
2366,0.5
2367,3.258653695461077
2368,0.5
2369,0.5
2370,0.5
2371,0.4999999999999998
2372,0.6437518295172258
2373,0.5
2374,0.5
2375,0.5
2376,0.5
2377,0.5851476093903931
2378,0.5
2379,0.4702642400997623
2380,0.5
2381,0.5
2382,0.5
2383,0.5
2384,0.5327212452609378
2385,0.5
2386,0.5
2387,0.5
2388,0.5
2389,0.5
2390,0.5
2391,1.0
2392,0.5
2393,0.5
2394,0.6437518295172258
2395,0.5
2396,0.5
2397,0.7381011282837289
2398,0.6437518295172258
2399,0.5
2400,0.5
2401,0.6437518295172258
2402,0.5678792162138591
2403,0.5
2404,0.5
2405,0.5
2406,0.5
2407,0.5
2408,0.5
2409,0.5678792162138591
2410,0.5
2411,0.5
2412,0.5
2413,0.6437518295172258
2414,0.5
2415,0.5
2416,0.6437518295172258
2417,0.7381011282837289
2418,0.7843303197363141
2419,0.5
2420,0.5
2421,0.5
2422,0.5
2423,0.5
2424,0.5
2425,0.7953026378037233
2426,0.6437518295172258
2427,0.5
2428,0.5
2429,0.5
2430,0.5
2431,0.5
2432,0.5
2433,0.5
2434,0.6437518295172258
2435,0.5
2436,0.5
2437,0.5678792162138591
2438,0.6437518295172258
2439,0.5678792162138591
2440,0.7381011282837289
2441,0.4999999999999998
2442,0.4999999999999989
2443,0.4999999999999998
2444,0.5
2445,0.48972690532260366
2446,0.5
2447,0.6437518295172258
2448,0.5
2449,0.5
2450,0.5
2451,0.5
2452,0.5
2453,0.5
2454,0.5
2455,0.5
2456,0.6437518295172258
2457,0.5
2458,0.5
2459,0.5
2460,0.6437518295172258
2461,0.5
2462,0.5
2463,0.6437518295172258
2464,0.6437518295172258
2465,0.5
2466,0.5
2467,0.5
2468,0.6437518295172258
2469,0.6437518295172258
2470,0.4999999999999998
2471,0.5
2472,0.4702642400997623
2473,0.5
2474,0.5678792162138591
2475,0.6437518295172258
2476,0.5327212452609378
2477,0.5
2478,0.5
2479,0.5
2480,0.4999999999999989
2481,0.5
2482,0.5
2483,0.5
2484,0.4999999999999998
2485,0.5
2486,0.6437518295172258
2487,0.6437518295172258
2488,0.6437518295172258
2489,0.5
2490,0.5
2491,0.5
2492,0.5
2493,0.5
2494,0.5
2495,0.5
2496,0.5
2497,0.5
2498,0.5
2499,0.6437518295172258
2500,0.6437518295172258
2501,0.5
2502,0.7381011282837289
2503,0.5
2504,0.7843303197363141
2505,0.5
2506,1.4365037879496283
2507,0.5
2508,0.5172726741633433
2509,0.5
2510,0.6437518295172258
2511,0.5
2512,0.5678792162138591
2513,0.6437518295172258
2514,0.5
2515,0.7381011282837289
2516,0.6437518295172258
2517,0.5
2518,0.5
2519,0.5
2520,0.6437518295172258
2521,0.5
2522,0.5
2523,0.6437518295172258
2524,0.5
2525,0.5678792162138591
2526,0.5
2527,0.5327212452609378
2528,0.5
2529,0.5
2530,0.5
2531,0.5
2532,0.6437518295172258
2533,0.5
2534,0.6437518295172258
2535,0.6437518295172258
2536,0.6437518295172258
2537,0.6437518295172258
2538,0.6437518295172258
2539,0.5678792162138591
2540,0.5172726741633433
2541,0.7953026378037233
2542,0.5
2543,0.6437518295172258
2544,0.6437518295172258
2545,0.4999999999999989
2546,0.5000000000000002
2547,0.5
2548,0.7381011282837289
2549,0.6437518295172258
2550,0.5
2551,0.6437518295172258
2552,0.5
2553,0.5
2554,0.5
2555,0.5
2556,0.5
2557,0.5
2558,0.5
2559,0.5
2560,0.5000000000000002
2561,0.5
2562,0.5
2563,0.6437518295172258
2564,0.6437518295172258
2565,0.6437518295172258
2566,0.5
2567,0.5
2568,0.5
2569,0.5
2570,0.5
2571,0.5
2572,0.6437518295172258
2573,0.7381011282837289
2574,0.5
2575,0.5
2576,0.6437518295172258
2577,0.5
2578,0.5
2579,0.5
2580,0.4999999999999998
2581,0.5000000000000002
2582,0.5
2583,0.4999999999999989
2584,0.6437518295172258
2585,0.5
2586,0.5
2587,0.5
2588,0.5
2589,0.5
2590,0.5
2591,0.4999999999999998
2592,0.5678792162138591
2593,0.5
2594,0.5
2595,0.4702642400997623
2596,0.5678792162138591
2597,0.5851476093903931
2598,0.5
2599,0.5
2600,0.5851476093903931
2601,0.5851476093903931
2602,0.5
2603,0.5851476093903931
2604,0.5
2605,0.5327212452609378
2606,0.5
2607,0.6437518295172258
2608,0.5
2609,0.5
2610,0.5
2611,0.5
2612,0.5
2613,0.5
2614,0.5
2615,1.0
2616,0.6437518295172258
2617,0.5
2618,0.5
2619,0.7381011282837289
2620,0.5
2621,0.7381011282837289
2622,0.6437518295172258
2623,0.6437518295172258
2624,0.5851476093903931
2625,0.4999999999999998
2626,0.5
2627,0.5
2628,0.5
2629,0.8190622962430263
2630,0.4999999999999998
2631,0.5
2632,0.5
2633,0.7783151550630778
2634,0.6437518295172258
2635,0.5
2636,0.5
2637,0.5
2638,0.5
2639,0.5
2640,0.5
2641,0.5
2642,1.322809168659063
2643,0.5
2644,0.5
2645,0.5
2646,0.4999999999999998
2647,0.5
2648,0.6437518295172258
2649,0.6437518295172258
2650,0.5851476093903931
2651,0.6437518295172258
2652,0.6437518295172258
2653,0.5
2654,2.8220742281438476
2655,0.5
2656,0.5
2657,0.5
2658,0.6437518295172258
2659,0.5
2660,0.7381011282837289
2661,0.5172726741633433
2662,0.5
2663,0.4999999999999998
2664,0.5
2665,0.8955348563197549
2666,0.4999999999999998
2667,0.5
2668,0.5
2669,0.5
2670,0.5
2671,0.4702642400997623
2672,0.5
2673,0.5
2674,0.5
2675,0.5
2676,0.5
2677,0.5
2678,0.5
2679,0.5
2680,0.5678792162138591
2681,0.4999999999999998
2682,0.5
2683,0.7843303197363141
2684,0.5
2685,0.4999999999999998
2686,0.5
2687,0.5
2688,0.5
2689,0.5
2690,0.5
2691,0.4999999999999998
2692,0.5
2693,0.5
2694,0.5
2695,0.7783151550630778
2696,0.4999999999999998
2697,0.5
2698,0.5678792162138591
2699,0.8955348563197549
2700,0.5
2701,0.5
2702,0.5
2703,0.5
2704,0.4999999999999989
2705,0.5
2706,0.5
2707,0.48972690532260366
2708,0.5
2709,0.5
2710,0.5
2711,0.4702642400997623
2712,0.6437518295172258
2713,0.6437518295172258
2714,0.5
2715,0.5
2716,0.5
2717,0.7692248816793665
2718,0.5
2719,0.5
2720,0.7381011282837289
2721,0.5172726741633433
2722,0.5
2723,0.5
2724,0.5
2725,0.5
2726,0.5
2727,0.5
2728,0.5
2729,0.5678792162138591
2730,0.48972690532260366
2731,0.5
2732,0.6437518295172258
2733,0.6437518295172258
2734,0.5851476093903931
2735,0.6437518295172258
2736,0.5
2737,0.5
2738,0.5
2739,0.5678792162138591
2740,0.5
2741,0.6437518295172258
2742,0.6437518295172258
2743,0.6437518295172258
2744,0.6437518295172258
2745,0.6437518295172258
2746,0.4999999999999998
2747,0.5
2748,0.5
2749,0.5
2750,0.8955348563197549
2751,0.5000000000000002
2752,0.5
2753,0.6437518295172258
2754,0.5
2755,0.5
2756,0.5
2757,0.5
2758,0.5
2759,0.6437518295172258
2760,0.5
2761,0.4702642400997623
2762,0.5
2763,0.5
2764,0.5
2765,0.5
2766,0.5
2767,0.5
2768,0.5
2769,0.5
2770,0.5
2771,0.5000000000000002
2772,0.5
2773,0.5
2774,0.5
2775,0.5
2776,0.5678792162138591
2777,1.513013247092792
2778,0.5
2779,0.5
2780,0.5
2781,0.5
2782,0.5
2783,0.5
2784,0.5
2785,0.5
2786,0.5
2787,0.5
2788,0.5
2789,0.5
2790,0.5
2791,0.5
2792,0.5
2793,0.5
2794,0.5
2795,0.6437518295172258
2796,0.6437518295172258
2797,0.5
2798,0.5
2799,0.5
2800,0.5
2801,0.5
2802,0.5
2803,0.5
2804,0.5
2805,0.7445422164349564
2806,0.4999999999999998
2807,0.5
2808,0.5678792162138591
2809,0.6437518295172258
2810,0.5678792162138591
2811,0.7381011282837289
2812,0.6437518295172258
2813,0.7692248816793665
2814,0.5
2815,0.5
2816,0.7381011282837289
2817,0.5
2818,0.5
2819,0.5172726741633433
2820,0.5
2821,0.5
2822,0.6437518295172258
2823,0.5
2824,0.5
2825,0.5327212452609378
2826,0.5
2827,0.6437518295172258
2828,0.5
2829,0.5
2830,0.5
2831,0.5
2832,0.5678792162138591
2833,0.5
2834,0.5
2835,0.5
2836,0.5
2837,0.6437518295172258
2838,0.6437518295172258
2839,0.5
2840,0.4999999999999998
2841,0.6437518295172258
2842,0.5
2843,0.5
2844,0.5
2845,0.6437518295172258
2846,0.5
2847,0.5
2848,0.5
2849,0.5
2850,0.5
2851,0.5
2852,0.7692248816793665
2853,0.5
2854,0.5
2855,0.5
2856,0.6437518295172258
2857,0.5
2858,1.0
2859,0.5
2860,0.5
2861,0.5
2862,0.5
2863,0.5
2864,0.5
2865,0.5
2866,0.6437518295172258
2867,0.6437518295172258
2868,0.5
2869,0.5
2870,0.5
2871,0.5
2872,0.6437518295172258
2873,0.5678792162138591
2874,0.5851476093903931
2875,0.5
2876,0.5
2877,0.48972690532260366
2878,0.5
2879,0.5
2880,0.5
2881,0.5
2882,0.6437518295172258
2883,0.6437518295172258
2884,0.5
2885,1.6190228842857715
2886,0.6437518295172258
2887,0.6437518295172258
2888,0.5000000000000002
2889,0.6437518295172258
2890,0.5
2891,0.5
2892,0.5
2893,0.5172726741633433
2894,0.5
2895,0.7381011282837289
2896,0.6437518295172258
2897,0.5
2898,0.5
2899,0.5
2900,0.5
2901,2.116022667724434
2902,0.5327212452609378
2903,2.18302649850362
2904,0.6437518295172258
2905,0.6437518295172258
2906,0.4702642400997623
2907,1.3589431666016965
2908,0.5
2909,0.7381011282837289
2910,0.7953026378037233
2911,0.5
2912,0.6437518295172258
2913,0.5
2914,1.156419184927318
2915,0.9999999999999989
2916,0.5
2917,0.5
2918,0.2421939827337234
2919,0.5
2920,0.5
2921,0.6437518295172258
2922,0.6437518295172258
2923,0.5327212452609378
2924,0.6437518295172258
2925,0.6437518295172258
2926,0.5
2927,0.5
2928,0.6437518295172258
2929,0.5
2930,0.5678792162138591
2931,1.9999999999999982
2932,0.5327212452609378
2933,0.5
2934,1.078945373109541
2935,0.7381011282837289
2936,2.000000000000001
2937,0.6437518295172258
2938,0.6437518295172258
2939,0.5851476093903931
2940,0.7381011282837289
2941,0.5
2942,0.5000000000000002
2943,0.5
2944,0.5
2945,0.5
2946,0.5
2947,0.6437518295172258
2948,1.322809168659063
2949,0.7783151550630778
2950,0.6437518295172258
2951,0.4702642400997623
2952,0.5
2953,0.4999999999999989
2954,0.5
2955,0.5
2956,0.5
2957,0.5
2958,0.4999999999999998
2959,0.5
2960,0.5
2961,1.2044530547610308
2962,0.4999999999999998
2963,1.3420747191612286
2964,0.5
2965,0.6437518295172258
2966,1.3126693703021228
2967,2.662335856535177
2968,0.7381011282837289
2969,0.7381011282837289
2970,1.8012038692139796
2971,0.7381011282837289
2972,5.0
2973,0.5172726741633433
2974,0.5
2975,0.5678792162138591
2976,1.322809168659063
2977,1.3063880737228946
2978,0.4999999999999998
2979,1.1209601475280375
2980,1.1209601475280375
2981,0.5
2982,0.5
2983,0.5
2984,0.5
2985,0.5
2986,2.0000000000000004
2987,0.4999999999999989
2988,1.322809168659063
2989,0.5
2990,2.2657965284725425
2991,1.0
2992,0.5
2993,0.5
2994,0.5
2995,0.6437518295172258
2996,0.7953026378037233
2997,0.5
2998,0.48972690532260366
2999,0.5
3000,0.4999999999999998
3001,0.5327212452609378
3002,1.946422880536943
3003,0.5
3004,0.5327212452609378
3005,0.5
3006,0.5678792162138591
3007,0.5
3008,1.4365037879496283
3009,0.5
3010,0.5
3011,0.5
3012,0.5
3013,1.3589431666016965
3014,0.5
3015,0.5
3016,0.8051231578152518
3017,0.9932353156386882
3018,1.322809168659063
3019,0.6437518295172258
3020,0.5
3021,0.4702642400997623
3022,0.5327212452609378
3023,0.5
3024,0.7692248816793665
3025,1.8349443543289334
3026,0.5
3027,0.5
3028,0.48972690532260366
3029,0.5327212452609378
3030,0.5
3031,0.9734392958256881
3032,0.6437518295172258
3033,0.5
3034,2.0455901185054994
3035,0.5
3036,1.513013247092792
3037,0.5
3038,0.5
3039,0.5
3040,1.4365037879496283
3041,0.5678792162138591
3042,1.0
3043,0.5
3044,1.7546797939882008
3045,0.5
3046,0.5
3047,2.2142651419146024
3048,0.48972690532260366
3049,0.5
3050,0.5
3051,1.6199214392765557
3052,0.48972690532260366
3053,0.5
3054,0.5678792162138591
3055,0.5
3056,0.5
3057,1.6199214392765557
3058,0.7953026378037233
3059,1.078945373109541
3060,0.6437518295172258
3061,0.24667114565479764
3062,2.000000000000001
3063,0.4999999999999998
3064,0.5
3065,2.2142651419146024
3066,0.5
3067,0.6437518295172258
3068,0.6437518295172258
3069,1.322809168659063
3070,0.5
3071,0.5678792162138591
3072,4.133192358364697
3073,0.5
3074,1.1209601475280375
3075,22553694.999999825
3076,1.078945373109541
3077,0.5851476093903931
3078,0.5851476093903931
3079,1.9999999999999982
3080,0.5
3081,0.5
3082,0.5
3083,0.5
3084,1.156419184927318
3085,1.156419184927318
3086,0.5
3087,0.4999999999999998
3088,0.5851476093903931
3089,0.5
3090,0.4999999999999998
3091,0.5327212452609378
3092,0.5
3093,0.5
3094,0.5
3095,0.5327212452609378
3096,0.5
3097,0.5
3098,0.5
3099,37260.999999999905
3100,0.5
3101,1.322809168659063
3102,0.5
3103,0.4702642400997623
3104,0.5
3105,0.5
3106,0.5
3107,0.7843303197363141
3108,0.8955348563197549
3109,0.6437518295172258
3110,0.5
3111,0.5
3112,0.5172726741633433
3113,0.9061548225461085
3114,2.782639915494858
3115,0.5
3116,0.7953026378037233
3117,2.000000000000001
3118,0.7381011282837289
3119,0.9932353156386882
3120,0.7843303197363141
3121,2.000000000000001
3122,0.4999999999999998
3123,1.322809168659063
3124,0.5
3125,0.4702642400997623
3126,1.513013247092792
3127,0.5
3128,0.4999999999999989
3129,1.7934275915201372
3130,0.5
3131,0.5
3132,0.4999999999999998
3133,0.5851476093903931
3134,0.6437518295172258
3135,0.6437518295172258
3136,0.5327212452609378
3137,0.4999999999999998
3138,0.5
3139,0.5327212452609378
3140,0.7843303197363141
3141,0.5172726741633433
3142,0.6437518295172258
3143,0.5
3144,0.5327212452609378
3145,0.5
3146,0.5
3147,0.5
3148,1.513013247092792
3149,0.4702642400997623
3150,1.3702154399344577
3151,0.5000000000000002
3152,0.5
3153,0.46765502905838585
3154,0.5
3155,0.5
3156,0.5
3157,0.5
3158,0.5
3159,0.5
3160,0.5
3161,0.5
3162,0.5
3163,0.5
3164,0.5
3165,0.5
3166,0.5
